SES_Score,HealthIndicator,cluster
65.0,28.0,0
87.0,27.0,1
57.41,25.0,0
44.33,29.0,0
87.32,28.0,1
41.81,30.0,0
74.0,29.0,1
45.16,28.0,0
46.93,28.0,0
93.04,28.0,1
61.0,28.0,0
70.0,28.0,1
42.1,30.0,0
72.82,28.0,1
84.48,26.0,1
58.67,29.0,0
90.0,28.0,1
37.91,27.0,0
44.0,29.0,0
92.42,27.0,1
40.22,29.0,0
96.37,27.0,1
100.02,25.0,1
89.14,27.0,1
79.05,29.0,1
71.11,25.0,1
72.82,27.0,1
63.2,25.0,0
83.82,29.0,1
86.91,29.0,1
75.88,29.0,1
47.43,28.0,0
94.19,31.0,1
63.67,29.0,0
68.0,26.0,1
55.09,29.0,0
81.0,27.0,1
51.0,28.0,0
59.0,29.0,0
55.65,30.0,0
93.36,28.0,1
41.47,27.0,0
70.65,25.0,1
89.82,29.0,1
37.33,28.0,0
54.0,29.0,0
98.0,24.0,1
100.0,24.0,1
84.82,29.0,1
65.08,30.0,0
40.0,29.0,0
75.0,29.0,1
73.0,28.0,1
68.0,27.0,1
89.82,28.0,1
35.269999999999996,28.0,0
67.72999999999999,25.0,0
87.79,24.0,1
89.82,27.0,1
89.52,29.0,1
70.96,29.0,1
85.06,28.0,1
81.97,28.0,1
89.06,29.0,1
100.44,29.0,1
87.43,25.0,1
33.43,30.0,0
81.73,29.0,1
71.0,26.0,1
67.64,29.0,0
45.02,28.0,0
45.0,28.0,0
70.46000000000001,34.0,1
82.0,27.0,1
88.82,26.0,1
101.31,28.0,1
88.23,29.0,1
101.71,23.0,1
80.58,29.0,1
80.0,29.0,1
43.86,26.0,0
47.82,28.0,0
42.82,29.0,0
38.82,28.0,0
103.0,28.0,1
86.0,29.0,1
61.92,28.0,0
46.0,29.0,0
84.0,28.0,1
80.57,26.0,1
79.92,30.0,1
81.0,29.0,1
75.51,27.0,1
95.62,29.0,1
80.07,28.0,1
96.94,28.0,1
59.41,26.0,0
68.2,28.0,1
94.82,27.0,1
82.97,27.0,1
34.82,29.0,0
59.18,26.0,0
69.66,28.0,1
64.24000000000001,27.0,0
100.0,24.0,1
61.82,28.0,0
44.16,27.0,0
76.61,27.0,1
47.61,28.0,0
67.69,26.0,0
71.08,27.0,1
94.41,28.0,1
83.82,28.0,1
75.0,29.0,1
64.17,24.0,0
51.57,30.0,0
72.54,27.0,1
96.17,28.0,1
78.31,23.0,1
49.68,29.0,0
52.61,29.0,0
55.82,29.0,0
91.82,28.0,1
58.0,28.0,0
54.0,29.0,0
34.870000000000005,28.0,0
86.0,28.0,1
66.7,30.0,0
92.0,25.0,1
32.519999999999996,28.0,0
95.0,26.0,1
66.82,30.0,0
71.82,28.0,1
78.0,29.0,1
41.23,26.0,0
61.0,26.0,0
89.82,29.0,1
46.02,28.0,0
56.39,30.0,0
104.82,26.0,1
80.04,25.0,1
95.68,27.0,1
52.97,29.0,0
93.29,28.0,1
85.0,29.0,1
76.01,26.0,1
81.77,27.0,1
64.85,25.0,0
94.73,25.0,1
47.89,28.0,0
70.88,32.0,1
71.28,30.0,1
51.82,29.0,0
49.35,27.0,0
87.61,28.0,1
39.84,27.0,0
81.21,25.0,1
43.37,28.0,0
80.0,30.0,1
70.4,29.0,1
90.13,24.0,1
94.17,28.0,1
73.82,29.0,1
51.0,29.0,0
56.18,25.0,0
31.91,30.0,0
52.09,30.0,0
65.09,25.0,0
76.88,27.0,1
86.0,30.0,1
38.37,27.0,0
85.0,26.0,1
93.87,27.0,1
37.44,30.0,0
89.42,25.0,1
63.88,27.0,0
89.13,29.0,1
77.51,26.0,1
59.79,28.0,0
75.75,22.0,1
93.85,26.0,1
100.0,28.0,1
51.58,28.0,0
73.26,27.0,1
79.57,28.0,1
96.82,26.0,1
45.81,25.0,0
53.85,28.0,0
57.86,27.0,0
77.18,24.0,1
72.0,25.0,1
75.03,28.0,1
53.32,29.0,0
55.91,30.0,0
42.82,29.0,0
92.82,27.0,1
88.62,28.0,1
88.23,27.0,1
36.480000000000004,29.0,0
68.61,27.0,1
61.23,28.0,0
86.0,29.0,1
51.75,28.0,0
40.0,30.0,0
67.39,27.0,0
76.84,27.0,1
57.0,29.0,0
43.69,28.0,0
91.82,29.0,1
56.0,27.0,0
72.22,27.0,1
85.82,27.0,1
61.45,29.0,0
93.0,25.0,1
66.82,29.0,0
43.82,29.0,0
65.88,28.0,0
86.37,28.0,1
63.92,28.0,0
45.65,28.0,0
95.11,29.0,1
73.66,28.0,1
85.44,27.0,1
73.85,25.0,1
64.58,27.0,0
47.8,30.0,0
96.3,27.0,1
52.0,29.0,0
36.0,30.0,0
89.55,28.0,1
81.23,27.0,1
78.25,28.0,1
61.68,29.0,0
39.82,27.0,0
63.0,29.0,0
72.13,26.0,1
78.0,27.0,1
66.88,26.0,0
94.85,29.0,1
41.83,28.0,0
56.1,30.0,0
91.0,29.0,1
88.69,29.0,1
51.82,29.0,0
90.82,29.0,1
97.28,27.0,1
96.92,26.0,1
100.0,36.0,1
65.82,25.0,0
83.3,28.0,1
62.94,28.0,0
34.94,27.0,0
87.0,31.0,1
88.54,29.0,1
54.88,26.0,0
51.75,30.0,0
86.82,27.0,1
69.0,29.0,1
74.69,27.0,1
50.5,30.0,0
86.0,25.0,1
41.15,29.0,0
94.69,27.0,1
61.16,27.0,0
46.12,27.0,0
113.82,27.0,1
69.0,26.0,1
69.68,27.0,1
93.64,28.0,1
46.0,29.0,0
71.21,29.0,1
46.72,29.0,0
82.81,28.0,1
56.55,27.0,0
55.0,30.0,0
49.04,26.0,0
49.0,28.0,0
61.0,29.0,0
68.19,27.0,1
47.41,27.0,0
63.0,27.0,0
94.82,28.0,1
62.06,30.0,0
85.0,24.0,1
77.48,30.0,1
76.07,30.0,1
63.27,26.0,0
33.58,29.0,0
47.17,29.0,0
42.21,30.0,0
81.05,26.0,1
92.96,25.0,1
47.82,29.0,0
61.34,28.0,0
80.82,28.0,1
85.69,26.0,1
43.09,28.0,0
91.82,33.0,1
84.23,28.0,1
89.43,27.0,1
74.13,26.0,1
49.0,27.0,0
49.0,30.0,0
57.16,29.0,0
84.3,28.0,1
49.0,29.0,0
74.0,27.0,1
68.0,30.0,1
50.38,28.0,0
92.28,27.0,1
50.39,29.0,0
53.82,29.0,0
47.82,30.0,0
73.03,29.0,1
91.75,25.0,1
82.37,25.0,1
61.96,27.0,0
88.82,27.0,1
70.0,28.0,1
35.74,29.0,0
80.0,28.0,1
42.47,30.0,0
47.43,26.0,0
65.28,27.0,0
34.53,26.0,0
82.0,29.0,1
78.94,28.0,1
51.42,28.0,0
86.55,25.0,1
85.32,27.0,1
80.0,26.0,1
75.58,27.0,1
91.29,29.0,1
49.96,29.0,0
54.0,30.0,0
61.82,26.0,0
86.59,27.0,1
80.82,29.0,1
42.07,29.0,0
40.82,29.0,0
80.3,27.0,1
46.82,29.0,0
55.05,29.0,0
93.62,29.0,1
75.25,28.0,1
85.0,29.0,1
60.05,30.0,0
88.86,35.0,1
71.81,29.0,1
94.82,27.0,1
75.57,27.0,1
66.75,25.0,0
54.4,27.0,0
104.18,27.0,1
69.61,29.0,1
88.0,28.0,1
54.49,26.0,0
86.34,27.0,1
61.0,27.0,0
74.37,28.0,1
76.6,28.0,1
53.82,29.0,0
81.0,27.0,1
70.0,26.0,1
92.47,28.0,1
60.22,29.0,0
54.77,27.0,0
43.05,29.0,0
65.18,24.0,0
58.0,28.0,0
102.32,29.0,1
55.4,30.0,0
48.0,26.0,0
68.1,27.0,1
91.51,27.0,1
81.15,27.0,1
78.0,26.0,1
85.3,28.0,1
46.82,27.0,0
77.0,28.0,1
83.39,28.0,1
75.96,28.0,1
56.6,30.0,0
79.67,30.0,1
89.82,24.0,1
75.73,26.0,1
97.65,27.0,1
72.82,28.0,1
93.64,29.0,1
98.0,29.0,1
68.21000000000001,28.0,1
90.18,28.0,1
88.82,27.0,1
65.0,29.0,0
98.91,26.0,1
80.71,29.0,1
85.05,27.0,1
61.0,28.0,0
59.28,29.0,0
46.62,26.0,0
84.7,29.0,1
65.82,29.0,0
76.0,37.0,1
53.0,27.0,0
95.65,25.0,1
64.07,26.0,0
65.0,28.0,0
53.85,28.0,0
41.82,27.0,0
95.0,27.0,1
92.55,30.0,1
95.75,26.0,1
75.79,26.0,1
91.62,24.0,1
52.86,29.0,0
96.57,26.0,1
69.9,29.0,1
84.92,28.0,1
93.3,28.0,1
62.11,27.0,0
63.34,25.0,0
31.93,27.0,0
73.82,28.0,1
51.31,29.0,0
104.0,34.0,1
95.46,29.0,1
79.18,25.0,1
80.79,28.0,1
78.59,27.0,1
36.82,26.0,0
49.4,28.0,0
83.82,30.0,1
46.57,30.0,0
42.42,28.0,0
88.0,29.0,1
82.0,28.0,1
74.33,30.0,1
89.8,28.0,1
57.34,28.0,0
61.17,28.0,0
77.0,29.0,1
50.78,27.0,0
95.82,24.0,1
79.99,27.0,1
28.94,28.0,0
68.0,27.0,1
81.86,28.0,1
67.8,30.0,0
35.82,30.0,0
54.33,29.0,0
69.0,28.0,1
49.74,26.0,0
57.08,28.0,0
48.68,29.0,0
75.4,27.0,1
69.44,28.0,1
80.0,29.0,1
54.82,29.0,0
40.0,29.0,0
87.0,27.0,1
87.75,27.0,1
52.82,26.0,0
84.06,27.0,1
70.22999999999999,32.0,1
65.82,28.0,0
88.82,28.0,1
52.82,29.0,0
53.39,28.0,0
80.58,27.0,1
57.82,26.0,0
42.45,30.0,0
67.09,30.0,0
39.33,29.0,0
95.56,26.0,1
52.78,29.0,0
35.82,29.0,0
66.92,29.0,0
94.53,25.0,1
79.28,24.0,1
74.12,27.0,1
81.72,28.0,1
45.61,29.0,0
94.82,34.0,1
80.0,28.0,1
76.98,26.0,1
82.34,29.0,1
95.41,25.0,1
60.88,25.0,0
93.55,25.0,1
42.32,28.0,0
51.82,25.0,0
83.75,24.0,1
70.71,27.0,1
54.47,27.0,0
82.67,26.0,1
84.83,26.0,1
77.0,28.0,1
82.6,28.0,1
80.16,28.0,1
49.98,29.0,0
72.76,28.0,1
53.0,28.0,0
56.0,29.0,0
74.11,28.0,1
63.0,29.0,0
72.82,27.0,1
94.0,29.0,1
84.66,29.0,1
52.82,27.0,0
90.0,27.0,1
93.28,27.0,1
85.54,27.0,1
53.0,30.0,0
90.0,27.0,1
71.05,29.0,1
82.46,29.0,1
86.0,29.0,1
60.94,35.0,0
85.0,28.0,1
66.48,30.0,0
53.82,30.0,0
86.0,29.0,1
40.79,28.0,0
78.0,28.0,1
71.0,28.0,1
34.71,27.0,0
62.33,28.0,0
57.37,29.0,0
95.0,30.0,1
94.69,26.0,1
101.35,30.0,1
94.05,26.0,1
71.78,28.0,1
91.02,27.0,1
89.0,29.0,1
66.0,29.0,0
69.82,29.0,1
45.0,28.0,0
75.82,28.0,1
33.3,28.0,0
37.34,27.0,0
60.82,27.0,0
90.0,27.0,1
94.4,24.0,1
99.68,25.0,1
80.06,25.0,1
38.48,30.0,0
83.82,28.0,1
89.0,28.0,1
90.82,27.0,1
91.0,29.0,1
100.0,27.0,1
67.0,27.0,0
36.91,30.0,0
81.69,27.0,1
48.91,29.0,0
43.45,28.0,0
45.0,29.0,0
31.55,29.0,0
75.84,26.0,1
56.0,26.0,0
44.3,27.0,0
72.65,28.0,1
67.82,25.0,1
37.09,27.0,0
71.0,30.0,1
93.0,28.0,1
52.14,26.0,0
73.0,30.0,1
36.0,28.0,0
77.82,28.0,1
86.84,25.0,1
77.78,29.0,1
87.92,29.0,1
63.0,26.0,0
74.82,29.0,1
51.17,27.0,0
88.82,28.0,1
39.82,29.0,0
77.82,22.0,1
57.81,28.0,0
55.77,29.0,0
61.98,29.0,0
68.99,28.0,1
91.68,27.0,1
89.0,19.0,1
68.52000000000001,40.0,1
88.0,26.0,1
55.77,27.0,0
45.82,27.0,0
39.44,29.0,0
66.82,29.0,0
64.46000000000001,26.0,0
41.74,28.0,0
84.0,28.0,1
86.0,29.0,1
47.71,26.0,0
90.0,25.0,1
81.81,25.0,1
81.0,29.0,1
60.82,29.0,0
96.06,28.0,1
39.8,28.0,0
67.25999999999999,28.0,0
59.82,27.0,0
80.58,29.0,1
86.0,29.0,1
66.28,27.0,0
53.85,28.0,0
72.82,29.0,1
66.0,25.0,0
58.82,27.0,0
88.0,32.0,1
62.63,28.0,0
48.13,29.0,0
72.0,28.0,1
79.47,29.0,1
68.1,29.0,1
59.56,29.0,0
73.29,24.0,1
97.4,28.0,1
73.83,30.0,1
73.0,27.0,1
75.85,27.0,1
73.82,29.0,1
53.82,30.0,0
53.8,30.0,0
79.27,23.0,1
58.33,26.0,0
80.25,27.0,1
58.32,28.0,0
100.0,28.0,1
65.0,30.0,0
68.1,30.0,1
87.97,23.0,1
81.97,30.0,1
48.48,28.0,0
72.58,24.0,1
70.68,26.0,1
39.52,30.0,0
82.82,26.0,1
63.21,28.0,0
92.64,28.0,1
45.3,30.0,0
94.15,25.0,1
46.8,26.0,0
58.71,28.0,0
62.82,30.0,0
43.06,29.0,0
61.43,27.0,0
65.03,27.0,0
62.11,26.0,0
32.06,28.0,0
73.0,28.0,1
75.0,27.0,1
71.37,28.0,1
79.11,30.0,1
74.69,25.0,1
65.12,27.0,0
33.82,28.0,0
54.0,30.0,0
59.04,27.0,0
38.82,30.0,0
95.0,27.0,1
51.67,28.0,0
39.82,26.0,0
48.11,29.0,0
87.0,24.0,1
75.0,27.0,1
67.0,30.0,0
52.82,27.0,0
71.77000000000001,28.0,1
99.0,27.0,1
68.7,28.0,1
90.06,26.0,1
42.98,29.0,0
47.16,27.0,0
82.56,28.0,1
57.99,26.0,0
72.08,25.0,1
60.26,23.0,0
69.0,27.0,1
44.54,28.0,0
78.79,28.0,1
68.82,26.0,1
42.0,30.0,0
78.55,28.0,1
38.69,29.0,0
42.09,29.0,0
84.37,27.0,1
102.0,29.0,1
63.66,26.0,0
47.25,29.0,0
79.0,26.0,1
68.68,27.0,1
95.42,28.0,1
71.0,29.0,1
82.82,26.0,1
82.43,26.0,1
88.0,27.0,1
64.61,26.0,0
86.01,28.0,1
69.21,22.0,1
54.82,28.0,0
51.42,29.0,0
66.82,29.0,0
79.0,30.0,1
63.0,28.0,0
72.04,29.0,1
50.08,27.0,0
37.85,29.0,0
93.82,26.0,1
42.97,26.0,0
90.72,25.0,1
43.87,29.0,0
51.0,28.0,0
87.77,27.0,1
100.22,26.0,1
48.96,30.0,0
63.1,28.0,0
56.0,29.0,0
47.0,27.0,0
72.84,29.0,1
55.0,26.0,0
58.82,28.0,0
67.27000000000001,29.0,0
89.93,27.0,1
76.02,29.0,1
64.89,29.0,0
64.94,28.0,0
68.15,27.0,1
61.0,29.0,0
67.0,28.0,0
60.0,29.0,0
53.84,28.0,0
71.82,28.0,1
84.77,27.0,1
95.0,27.0,1
37.4,29.0,0
57.0,28.0,0
49.0,26.0,0
91.0,28.0,1
86.0,29.0,1
91.0,27.0,1
37.82,27.0,0
65.78,30.0,0
56.64,29.0,0
88.52,27.0,1
84.92,27.0,1
71.59,28.0,1
42.82,30.0,0
74.55,28.0,1
55.77,28.0,0
77.1,28.0,1
39.42,29.0,0
56.09,29.0,0
78.86,30.0,1
90.0,27.0,1
75.0,28.0,1
29.0,29.0,0
83.0,29.0,1
39.82,29.0,0
53.77,29.0,0
81.0,28.0,1
40.82,28.0,0
46.01,28.0,0
75.82,28.0,1
61.0,29.0,0
50.91,28.0,0
55.0,28.0,0
90.93,27.0,1
37.620000000000005,28.0,0
93.64,26.0,1
87.83,29.0,1
94.41,26.0,1
47.61,29.0,0
89.24,26.0,1
86.69,27.0,1
96.33,26.0,1
43.82,29.0,0
75.49,29.0,1
82.82,35.0,1
39.59,30.0,0
47.81,30.0,0
77.96,27.0,1
47.96,30.0,0
74.91,24.0,1
97.82,27.0,1
52.55,27.0,0
73.4,29.0,1
40.86,30.0,0
74.83,30.0,1
83.91,29.0,1
65.32,27.0,0
38.68,28.0,0
87.75,35.0,1
59.33,25.0,0
97.87,27.0,1
85.96,27.0,1
43.82,27.0,0
91.0,28.0,1
82.34,28.0,1
80.12,28.0,1
65.43,29.0,0
94.96,34.0,1
43.22,28.0,0
55.33,28.0,0
81.57,25.0,1
62.81,29.0,0
42.35,30.0,0
32.7,29.0,0
87.82,24.0,1
58.82,29.0,0
85.09,29.0,1
89.76,29.0,1
38.51,27.0,0
49.26,27.0,0
91.0,26.0,1
88.86,27.0,1
55.32,29.0,0
59.82,30.0,0
89.69,23.0,1
65.58,26.0,0
88.06,29.0,1
96.3,29.0,1
76.62,29.0,1
72.82,27.0,1
74.0,27.0,1
80.0,27.0,1
65.72999999999999,28.0,0
80.93,30.0,1
50.0,28.0,0
38.82,30.0,0
69.32,32.0,1
73.0,29.0,1
83.0,27.0,1
64.92,28.0,0
73.95,27.0,1
88.0,30.0,1
93.58,26.0,1
69.0,29.0,1
51.0,29.0,0
92.82,26.0,1
84.0,29.0,1
81.96,27.0,1
52.92,29.0,0
50.0,29.0,0
94.0,27.0,1
89.8,28.0,1
59.0,29.0,0
99.0,25.0,1
77.26,29.0,1
54.88,28.0,0
41.0,29.0,0
85.12,29.0,1
79.0,30.0,1
92.41,25.0,1
45.0,29.0,0
94.82,27.0,1
45.43,30.0,0
71.0,28.0,1
71.47,27.0,1
93.46,27.0,1
59.97,29.0,0
81.13,29.0,1
97.03,29.0,1
81.0,26.0,1
93.52,26.0,1
81.82,28.0,1
72.82,29.0,1
88.82,27.0,1
61.74,28.0,0
84.0,27.0,1
89.41,22.0,1
65.02,28.0,0
69.06,29.0,1
69.12,29.0,1
68.0,27.0,1
59.019999999999996,28.0,0
92.93,26.0,1
64.74000000000001,26.0,0
90.78,26.0,1
65.21000000000001,29.0,0
51.0,27.0,0
62.0,28.0,0
99.18,28.0,1
93.82,22.0,1
94.62,29.0,1
96.0,27.0,1
65.82,26.0,0
55.82,30.0,0
85.39,26.0,1
41.82,29.0,0
43.12,27.0,0
44.82,30.0,0
93.56,26.0,1
64.58,29.0,0
58.96,26.0,0
38.82,29.0,0
73.8,28.0,1
35.629999999999995,29.0,0
75.28,35.0,1
74.0,28.0,1
90.28,26.0,1
75.0,27.0,1
78.0,28.0,1
86.3,28.0,1
39.18,30.0,0
48.12,25.0,0
39.86,26.0,0
92.26,30.0,1
83.0,30.0,1
46.09,30.0,0
48.0,27.0,0
68.82,26.0,1
102.08,27.0,1
46.82,27.0,0
51.73,28.0,0
41.9,30.0,0
78.7,29.0,1
69.0,30.0,1
70.0,28.0,1
78.83,28.0,1
55.55,27.0,0
95.82,26.0,1
40.02,29.0,0
71.69,28.0,1
42.69,28.0,0
90.82,25.0,1
80.67,28.0,1
97.0,27.0,1
51.0,26.0,0
83.75,29.0,1
38.97,29.0,0
33.08,28.0,0
94.88,28.0,1
79.79,26.0,1
88.61,27.0,1
55.88,27.0,0
65.56,30.0,0
51.92,28.0,0
66.49000000000001,29.0,0
40.82,29.0,0
70.65,29.0,1
48.46,30.0,0
35.4,26.0,0
55.71,30.0,0
93.62,29.0,1
44.05,27.0,0
95.9,28.0,1
50.82,28.0,0
83.0,25.0,1
74.33,28.0,1
62.23,28.0,0
45.82,30.0,0
67.0,29.0,0
39.0,28.0,0
45.33,29.0,0
74.03,28.0,1
91.0,29.0,1
42.94,29.0,0
97.34,21.0,1
77.32,28.0,1
52.82,25.0,0
99.87,28.0,1
43.0,27.0,0
74.82,26.0,1
81.82,27.0,1
35.65,29.0,0
95.0,25.0,1
90.92,27.0,1
78.0,30.0,1
40.82,34.0,0
92.38,29.0,1
94.69,27.0,1
43.42,27.0,0
76.82,25.0,1
94.06,27.0,1
71.82,23.0,1
92.03,28.0,1
83.88,35.0,1
62.79,28.0,0
94.82,29.0,1
94.03,26.0,1
37.129999999999995,29.0,0
60.52,29.0,0
61.79,26.0,0
45.0,28.0,0
86.38,29.0,1
32.21,28.0,0
91.82,25.0,1
75.0,30.0,1
57.42,29.0,0
49.82,29.0,0
53.0,28.0,0
70.14,29.0,1
78.69,27.0,1
72.0,27.0,1
70.71,29.0,1
43.1,27.0,0
74.3,28.0,1
89.54,30.0,1
101.55,22.0,1
44.0,25.0,0
58.82,35.0,0
74.0,30.0,1
78.0,24.0,1
56.06,29.0,0
55.6,27.0,0
39.0,29.0,0
82.32,28.0,1
99.4,30.0,1
36.0,28.0,0
96.58,25.0,1
35.04,30.0,0
81.44,28.0,1
102.0,25.0,1
83.0,28.0,1
58.66,30.0,0
95.77,27.0,1
96.04,26.0,1
47.82,29.0,0
89.47,30.0,1
55.72,28.0,0
85.33,27.0,1
53.0,30.0,0
71.3,28.0,1
45.0,28.0,0
100.82,29.0,1
41.94,28.0,0
37.0,28.0,0
81.32,25.0,1
69.6,29.0,1
77.0,28.0,1
37.0,29.0,0
52.0,28.0,0
54.82,30.0,0
65.88,28.0,0
66.0,28.0,0
54.0,29.0,0
43.47,28.0,0
83.0,28.0,1
49.39,30.0,0
42.79,28.0,0
72.6,27.0,1
74.82,30.0,1
37.9,28.0,0
44.82,27.0,0
72.0,30.0,1
45.55,29.0,0
99.28,28.0,1
55.82,29.0,0
60.05,28.0,0
80.09,24.0,1
67.09,28.0,0
74.02,25.0,1
50.63,30.0,0
42.82,28.0,0
95.82,25.0,1
77.74,27.0,1
96.57,34.0,1
76.6,24.0,1
43.77,29.0,0
70.82,30.0,1
71.75,28.0,1
43.77,29.0,0
97.98,26.0,1
98.55,27.0,1
52.41,27.0,0
88.46,27.0,1
86.0,28.0,1
88.73,27.0,1
63.0,30.0,0
75.32,29.0,1
88.17,29.0,1
84.0,28.0,1
69.53,25.0,1
74.92,22.0,1
58.44,28.0,0
67.6,28.0,0
44.74,30.0,0
70.0,27.0,1
82.0,27.0,1
86.84,27.0,1
70.42,30.0,1
87.55,26.0,1
45.51,27.0,0
101.0,29.0,1
61.88,29.0,0
74.36,30.0,1
43.46,28.0,0
84.82,28.0,1
50.6,28.0,0
50.82,27.0,0
68.85,27.0,1
82.82,25.0,1
61.68,27.0,0
53.98,30.0,0
80.96,30.0,1
41.82,29.0,0
94.0,27.0,1
73.0,28.0,1
41.39,28.0,0
92.0,24.0,1
82.92,29.0,1
66.82,29.0,0
63.82,29.0,0
81.0,28.0,1
77.82,26.0,1
84.0,29.0,1
83.0,28.0,1
43.82,29.0,0
52.21,28.0,0
38.11,28.0,0
85.56,36.0,1
69.34,25.0,1
71.78999999999999,26.0,1
83.29,24.0,1
49.0,28.0,0
76.0,27.0,1
100.0,26.0,1
79.77,28.0,1
70.18,28.0,1
100.0,26.0,1
57.02,30.0,0
93.0,28.0,1
62.0,29.0,0
59.75,27.0,0
58.0,29.0,0
48.47,28.0,0
86.01,27.0,1
93.0,30.0,1
37.92,30.0,0
47.09,28.0,0
62.0,29.0,0
73.71,23.0,1
49.82,29.0,0
58.08,29.0,0
61.54,27.0,0
44.81,30.0,0
42.82,27.0,0
84.82,27.0,1
68.91,25.0,1
74.0,28.0,1
98.0,24.0,1
73.82,27.0,1
43.85,30.0,0
37.95,27.0,0
85.0,29.0,1
87.92,27.0,1
73.82,28.0,1
39.19,28.0,0
34.82,28.0,0
63.0,28.0,0
74.82,27.0,1
44.73,30.0,0
78.82,30.0,1
50.0,28.0,0
93.0,28.0,1
85.59,25.0,1
80.13,26.0,1
42.0,30.0,0
74.0,27.0,1
78.39,27.0,1
40.57,29.0,0
68.31,34.0,1
74.82,28.0,1
44.46,30.0,0
55.0,29.0,0
55.37,29.0,0
84.42,26.0,1
42.0,27.0,0
80.82,27.0,1
64.85,28.0,0
85.04,24.0,1
60.12,28.0,0
89.41,26.0,1
65.32,29.0,0
52.47,28.0,0
55.16,28.0,0
49.82,29.0,0
63.82,28.0,0
49.16,28.0,0
39.0,29.0,0
37.0,28.0,0
76.61,28.0,1
50.96,27.0,0
47.1,29.0,0
59.71,28.0,0
53.0,26.0,0
55.0,29.0,0
83.23,29.0,1
73.05,29.0,1
72.79,29.0,1
84.55,24.0,1
60.85,28.0,0
73.12,27.0,1
86.0,28.0,1
90.82,27.0,1
86.96,28.0,1
92.16,26.0,1
91.18,28.0,1
95.0,29.0,1
36.79,30.0,0
49.21,28.0,0
51.34,29.0,0
70.42,28.0,1
69.17,22.0,1
77.76,28.0,1
77.16,28.0,1
46.84,28.0,0
71.83,24.0,1
57.82,29.0,0
77.62,28.0,1
48.0,28.0,0
80.78,27.0,1
69.82,27.0,1
95.97,28.0,1
72.88,26.0,1
57.15,26.0,0
93.0,28.0,1
100.0,27.0,1
97.0,28.0,1
43.0,28.0,0
89.82,34.0,1
54.58,28.0,0
54.82,29.0,0
84.02,27.0,1
84.6,29.0,1
73.44,25.0,1
87.31,25.0,1
47.82,30.0,0
85.92,29.0,1
71.82,25.0,1
93.0,27.0,1
50.65,28.0,0
59.0,28.0,0
87.82,29.0,1
68.68,29.0,1
68.0,30.0,1
96.47,25.0,1
82.0,29.0,1
44.97,28.0,0
74.0,27.0,1
44.17,28.0,0
98.92,28.0,1
91.68,29.0,1
51.82,28.0,0
85.03,25.0,1
91.0,28.0,1
65.16,26.0,0
99.51,25.0,1
80.0,24.0,1
59.0,25.0,0
85.06,28.0,1
79.08,29.0,1
84.48,26.0,1
89.21,27.0,1
50.88,29.0,0
61.55,28.0,0
39.92,27.0,0
49.0,30.0,0
71.46,29.0,1
85.82,26.0,1
88.46,28.0,1
88.55,29.0,1
86.44,29.0,1
39.48,29.0,0
74.82,30.0,1
87.61,26.0,1
50.0,31.0,0
93.12,25.0,1
48.0,30.0,0
86.0,26.0,1
37.82,29.0,0
88.0,29.0,1
71.62,29.0,1
99.82,28.0,1
50.0,29.0,0
84.82,27.0,1
74.82,29.0,1
77.82,30.0,1
68.02,26.0,1
94.0,24.0,1
63.3,30.0,0
66.47,28.0,0
96.43,25.0,1
70.51,27.0,1
60.0,28.0,0
47.89,28.0,0
89.78,27.0,1
76.0,28.0,1
54.23,29.0,0
84.0,36.0,1
36.519999999999996,29.0,0
50.0,30.0,0
93.16,23.0,1
97.84,27.0,1
88.0,26.0,1
76.31,26.0,1
92.47,26.0,1
87.65,27.0,1
56.0,27.0,0
68.94,29.0,1
85.82,29.0,1
31.74,29.0,0
94.58,28.0,1
77.0,28.0,1
74.6,26.0,1
45.07,27.0,0
82.0,28.0,1
42.31,37.0,0
35.83,28.0,0
56.42,29.0,0
66.0,28.0,0
35.82,28.0,0
89.12,27.0,1
70.15,25.0,1
91.77,29.0,1
78.06,28.0,1
87.82,26.0,1
76.0,28.0,1
82.33,29.0,1
60.0,29.0,0
54.54,27.0,0
62.82,28.0,0
76.0,29.0,1
37.0,29.0,0
79.56,30.0,1
48.14,28.0,0
81.42,28.0,1
77.0,29.0,1
93.37,26.0,1
85.61,28.0,1
82.82,27.0,1
64.16,28.0,0
72.41,28.0,1
40.87,26.0,0
96.36,26.0,1
42.0,28.0,0
81.47,24.0,1
33.739999999999995,29.0,0
43.19,28.0,0
86.0,27.0,1
79.82,27.0,1
80.8,26.0,1
58.0,29.0,0
71.0,26.0,1
84.31,26.0,1
82.18,28.0,1
50.0,30.0,0
98.0,28.0,1
78.82,29.0,1
86.06,29.0,1
75.0,27.0,1
43.24,28.0,0
80.82,29.0,1
58.48,27.0,0
88.0,29.0,1
37.44,28.0,0
36.3,27.0,0
92.71,27.0,1
96.82,27.0,1
52.82,26.0,0
81.06,29.0,1
41.0,29.0,0
80.0,30.0,1
75.82,29.0,1
55.82,29.0,0
151.82,30.0,1
74.0,24.0,1
72.82,26.0,1
91.71,26.0,1
86.82,29.0,1
83.94,29.0,1
86.04,29.0,1
82.07,29.0,1
71.91,23.0,1
88.0,29.0,1
79.66,27.0,1
57.0,27.0,0
101.88,27.0,1
53.83,29.0,0
90.49,26.0,1
77.82,28.0,1
57.77,28.0,0
100.0,29.0,1
99.73,34.0,1
83.12,26.0,1
78.0,27.0,1
68.68,29.0,1
94.0,27.0,1
95.95,26.0,1
84.21,29.0,1
76.12,26.0,1
78.77,26.0,1
59.52,33.0,0
84.13,26.0,1
81.95,27.0,1
61.82,27.0,0
84.21,25.0,1
77.98,29.0,1
52.0,27.0,0
51.82,28.0,0
84.31,26.0,1
62.0,28.0,0
70.82,26.0,1
95.97,25.0,1
58.0,27.0,0
40.0,27.0,0
97.69,26.0,1
77.82,27.0,1
73.0,27.0,1
46.82,28.0,0
41.19,30.0,0
70.03,29.0,1
97.87,26.0,1
70.56,28.0,1
43.58,26.0,0
72.0,28.0,1
84.19,27.0,1
41.34,29.0,0
100.0,25.0,1
35.94,29.0,0
85.75,29.0,1
79.69,35.0,1
99.0,29.0,1
64.82,29.0,0
60.96,28.0,0
66.0,27.0,0
86.56,27.0,1
74.0,26.0,1
71.57,21.0,1
54.82,27.0,0
73.03,26.0,1
103.92,30.0,1
57.0,29.0,0
49.47,28.0,0
51.82,29.0,0
75.77,28.0,1
66.50999999999999,28.0,0
85.37,29.0,1
95.5,24.0,1
73.3,26.0,1
85.0,28.0,1
84.62,27.0,1
49.61,27.0,0
43.17,28.0,0
46.06,29.0,0
90.39,27.0,1
75.0,25.0,1
86.0,25.0,1
54.82,29.0,0
76.0,26.0,1
70.66,28.0,1
93.0,27.0,1
70.0,28.0,1
83.62,28.0,1
94.06,25.0,1
62.82,29.0,0
44.82,29.0,0
85.82,29.0,1
67.74000000000001,27.0,0
44.82,30.0,0
58.15,27.0,0
77.88,27.0,1
58.0,29.0,0
47.17,29.0,0
75.02,29.0,1
65.0,27.0,0
80.56,29.0,1
49.72,28.0,0
69.99000000000001,35.0,1
83.82,29.0,1
76.0,28.0,1
94.58,35.0,1
33.370000000000005,34.0,0
49.6,29.0,0
72.0,28.0,1
73.1,29.0,1
72.82,25.0,1
99.16,27.0,1
75.92,27.0,1
82.0,25.0,1
89.81,34.0,1
65.49000000000001,30.0,0
96.0,28.0,1
51.41,29.0,0
89.43,27.0,1
48.37,28.0,0
89.81,29.0,1
92.0,28.0,1
89.06,28.0,1
82.82,28.0,1
98.04,31.0,1
64.0,27.0,0
69.4,27.0,1
72.0,30.0,1
84.0,28.0,1
90.0,27.0,1
55.46,27.0,0
72.82,26.0,1
76.86,25.0,1
55.0,27.0,0
47.82,29.0,0
97.0,28.0,1
78.92,27.0,1
61.0,29.0,0
79.85,30.0,1
69.0,28.0,1
95.82,25.0,1
81.82,29.0,1
62.0,29.0,0
91.34,26.0,1
79.0,30.0,1
94.0,25.0,1
82.0,26.0,1
68.0,25.0,1
51.82,29.0,0
103.05,27.0,1
59.15,29.0,0
72.55,27.0,1
91.58,28.0,1
69.16,28.0,1
61.62,29.0,0
87.0,29.0,1
39.0,28.0,0
96.36,26.0,1
96.82,29.0,1
95.76,27.0,1
73.0,28.0,1
52.91,29.0,0
88.14,25.0,1
87.28,26.0,1
81.0,30.0,1
40.21,28.0,0
40.82,28.0,0
103.0,28.0,1
87.57,27.0,1
91.0,28.0,1
79.88,27.0,1
68.69,29.0,1
49.67,27.0,0
85.71,28.0,1
68.33,25.0,1
62.0,29.0,0
74.09,29.0,1
75.43,34.0,1
62.0,27.0,0
71.78,26.0,1
75.0,28.0,1
59.46,26.0,0
60.0,30.0,0
64.0,28.0,0
57.0,27.0,0
56.0,28.0,0
49.0,28.0,0
40.74,29.0,0
61.42,28.0,0
57.09,30.0,0
87.32,25.0,1
95.82,36.0,1
44.82,28.0,0
43.73,27.0,0
60.0,30.0,0
59.46,30.0,0
67.45,29.0,0
71.0,28.0,1
66.03999999999999,30.0,0
61.9,27.0,0
49.89,28.0,0
54.76,26.0,0
91.0,28.0,1
89.31,27.0,1
85.03,29.0,1
52.34,28.0,0
102.0,27.0,1
81.77,28.0,1
69.15,27.0,1
99.25,29.0,1
65.83,27.0,0
66.03999999999999,28.0,0
43.82,27.0,0
92.31,27.0,1
91.55,27.0,1
94.82,22.0,1
73.0,28.0,1
78.82,28.0,1
81.55,23.0,1
62.0,28.0,0
65.0,28.0,0
42.0,28.0,0
31.03,29.0,0
55.43,28.0,0
100.0,28.0,1
62.82,26.0,0
32.58,29.0,0
84.0,29.0,1
87.86,25.0,1
71.0,29.0,1
89.4,25.0,1
50.0,30.0,0
90.19,28.0,1
53.87,27.0,0
72.82,29.0,1
72.66,23.0,1
76.64,28.0,1
75.8,29.0,1
83.29,27.0,1
74.53,26.0,1
77.0,28.0,1
45.94,29.0,0
79.87,24.0,1
69.0,26.0,1
101.0,26.0,1
61.41,28.0,0
82.32,27.0,1
93.47,28.0,1
54.13,27.0,0
95.55,27.0,1
37.39,30.0,0
47.97,27.0,0
67.78,29.0,0
59.33,27.0,0
77.0,28.0,1
91.38,28.0,1
84.42,26.0,1
51.3,29.0,0
75.69,26.0,1
100.09,29.0,1
89.46,27.0,1
96.43,27.0,1
86.32,29.0,1
48.0,29.0,0
93.0,22.0,1
97.82,26.0,1
64.0,26.0,0
77.0,27.0,1
94.16,27.0,1
79.19,28.0,1
92.78,25.0,1
55.0,27.0,0
43.72,29.0,0
76.77,27.0,1
46.72,28.0,0
49.4,28.0,0
80.0,26.0,1
72.09,27.0,1
76.21,30.0,1
89.18,25.0,1
87.0,27.0,1
78.28,28.0,1
52.82,29.0,0
63.8,25.0,0
74.9,26.0,1
89.82,29.0,1
68.75,29.0,1
62.28,29.0,0
76.0,28.0,1
66.82,28.0,0
51.67,30.0,0
78.43,29.0,1
91.61,29.0,1
60.87,29.0,0
61.0,30.0,0
74.0,28.0,1
44.82,27.0,0
45.0,26.0,0
59.82,29.0,0
78.79,28.0,1
68.88,26.0,1
34.45,28.0,0
42.6,27.0,0
80.82,28.0,1
45.88,30.0,0
97.82,29.0,1
77.78,23.0,1
48.0,30.0,0
37.47,30.0,0
71.31,29.0,1
96.82,24.0,1
40.82,29.0,0
54.0,30.0,0
66.69,28.0,0
57.86,29.0,0
76.91,28.0,1
71.74000000000001,26.0,1
65.77000000000001,29.0,0
86.27,28.0,1
80.37,28.0,1
76.0,28.0,1
67.13,30.0,0
88.0,30.0,1
84.88,28.0,1
74.84,28.0,1
37.21,28.0,0
88.96,28.0,1
47.49,27.0,0
54.15,30.0,0
95.65,26.0,1
91.0,28.0,1
41.82,27.0,0
57.0,27.0,0
75.0,29.0,1
77.92,27.0,1
84.51,28.0,1
84.93,27.0,1
39.47,28.0,0
43.86,30.0,0
39.230000000000004,27.0,0
70.72,27.0,1
49.48,29.0,0
73.27,27.0,1
80.78,29.0,1
48.38,29.0,0
89.38,26.0,1
35.03,27.0,0
56.0,27.0,0
61.82,28.0,0
79.89,33.0,1
115.58,28.0,1
45.32,30.0,0
62.82,28.0,0
94.0,29.0,1
67.28999999999999,29.0,0
41.68,29.0,0
95.0,28.0,1
88.08,28.0,1
81.09,28.0,1
53.42,30.0,0
45.92,26.0,0
90.82,26.0,1
84.84,23.0,1
86.06,26.0,1
37.82,28.0,0
55.42,29.0,0
47.5,28.0,0
55.06,27.0,0
64.0,28.0,0
70.11,28.0,1
98.0,26.0,1
90.82,24.0,1
67.47,28.0,0
90.82,27.0,1
84.82,28.0,1
66.0,30.0,0
60.0,27.0,0
96.9,25.0,1
34.61,29.0,0
94.59,25.0,1
76.82,28.0,1
97.82,42.0,1
62.47,30.0,0
51.82,28.0,0
80.43,25.0,1
79.44,28.0,1
34.84,30.0,0
91.37,28.0,1
96.82,25.0,1
47.0,30.0,0
44.03,27.0,0
81.31,28.0,1
92.49,26.0,1
64.4,29.0,0
84.87,26.0,1
32.41,29.0,0
74.5,27.0,1
66.0,26.0,0
94.0,26.0,1
80.0,28.0,1
48.46,30.0,0
97.82,28.0,1
62.65,28.0,0
76.81,29.0,1
53.3,28.0,0
50.8,28.0,0
92.0,30.0,1
48.71,25.0,0
99.26,28.0,1
48.82,26.0,0
81.3,28.0,1
96.67,29.0,1
61.05,30.0,0
60.03,29.0,0
54.0,28.0,0
102.93,29.0,1
37.15,29.0,0
82.74,27.0,1
57.69,28.0,0
101.0,28.0,1
57.99,29.0,0
36.16,26.0,0
93.0,26.0,1
80.73,24.0,1
69.84,28.0,1
89.0,28.0,1
38.34,28.0,0
34.260000000000005,28.0,0
51.43,29.0,0
54.2,24.0,0
85.79,29.0,1
99.82,26.0,1
69.0,27.0,1
95.3,28.0,1
67.58,28.0,0
63.33,27.0,0
85.56,29.0,1
78.0,28.0,1
81.0,27.0,1
160.82,26.0,1
85.0,27.0,1
91.52,26.0,1
88.99,29.0,1
37.3,27.0,0
61.14,28.0,0
49.9,28.0,0
46.0,30.0,0
70.67,27.0,1
70.0,30.0,1
85.74,28.0,1
61.82,28.0,0
65.88,29.0,0
55.25,28.0,0
97.11,29.0,1
87.0,28.0,1
45.0,28.0,0
67.83,28.0,0
90.8,28.0,1
73.02,29.0,1
92.0,26.0,1
65.64,28.0,0
73.42,29.0,1
53.82,29.0,0
68.0,28.0,1
70.21,28.0,1
37.989999999999995,28.0,0
91.05,28.0,1
83.0,28.0,1
81.09,23.0,1
49.26,29.0,0
89.0,28.0,1
50.04,28.0,0
68.03,29.0,1
80.0,29.0,1
68.0,30.0,1
93.64,30.0,1
80.34,24.0,1
96.98,27.0,1
96.0,28.0,1
44.0,27.0,0
83.0,26.0,1
65.6,30.0,0
66.0,28.0,0
101.0,28.0,1
74.82,29.0,1
65.1,25.0,0
88.91,29.0,1
77.73,28.0,1
93.8,34.0,1
98.58,25.0,1
66.82,29.0,0
86.06,26.0,1
72.39,25.0,1
47.85,29.0,0
54.51,28.0,0
95.8,26.0,1
57.62,27.0,0
97.0,27.0,1
64.82,29.0,0
89.82,29.0,1
93.32,35.0,1
67.82,28.0,0
91.78,28.0,1
54.17,30.0,0
97.82,29.0,1
78.67,27.0,1
82.0,26.0,1
68.69,26.0,1
71.82,27.0,1
43.02,27.0,0
90.67,27.0,1
85.0,29.0,1
52.019999999999996,29.0,0
92.72,26.0,1
90.71,26.0,1
100.06,28.0,1
84.44,27.0,1
47.04,29.0,0
63.34,27.0,0
98.14,27.0,1
85.33,27.0,1
65.22999999999999,30.0,0
42.82,29.0,0
91.01,27.0,1
29.65,27.0,0
87.64,26.0,1
68.18,29.0,1
88.0,26.0,1
81.0,29.0,1
95.64,24.0,1
92.37,27.0,1
68.61,25.0,1
83.42,27.0,1
92.03,26.0,1
48.33,29.0,0
50.0,27.0,0
70.0,27.0,1
54.0,28.0,0
77.37,25.0,1
61.14,29.0,0
50.22,28.0,0
43.0,29.0,0
73.01,22.0,1
105.0,27.0,1
42.79,30.0,0
65.53,29.0,0
43.82,28.0,0
75.69,27.0,1
85.0,29.0,1
94.3,29.0,1
69.21000000000001,28.0,1
49.82,29.0,0
92.0,28.0,1
39.92,29.0,0
73.0,28.0,1
49.77,29.0,0
61.0,30.0,0
98.6,26.0,1
61.24,29.0,0
55.71,29.0,0
72.82,27.0,1
70.58,29.0,1
80.0,28.0,1
86.82,26.0,1
41.37,29.0,0
51.58,27.0,0
86.77,28.0,1
63.0,26.0,0
92.0,27.0,1
81.0,32.0,1
43.0,28.0,0
90.72,25.0,1
34.129999999999995,29.0,0
61.23,28.0,0
83.82,33.0,1
79.0,26.0,1
95.0,25.0,1
85.72,25.0,1
54.75,30.0,0
61.19,29.0,0
66.22,28.0,0
49.0,29.0,0
64.57,28.0,0
74.51,24.0,1
82.65,30.0,1
71.82,27.0,1
45.45,28.0,0
98.82,27.0,1
57.52,27.0,0
80.99,27.0,1
97.82,27.0,1
39.96,28.0,0
60.58,26.0,0
33.82,29.0,0
95.23,29.0,1
63.63,30.0,0
43.69,28.0,0
75.98,29.0,1
74.1,29.0,1
76.9,33.0,1
81.0,29.0,1
75.55,27.0,1
78.57,25.0,1
45.26,27.0,0
48.0,27.0,0
55.0,28.0,0
84.82,27.0,1
77.41,27.0,1
57.68,30.0,0
72.95,26.0,1
83.0,30.0,1
93.4,29.0,1
79.37,29.0,1
50.29,27.0,0
92.09,27.0,1
80.0,28.0,1
90.16,23.0,1
90.31,28.0,1
68.97999999999999,28.0,1
96.74,23.0,1
73.82,48.0,1
35.66,28.0,0
73.0,28.0,1
43.82,30.0,0
71.7,29.0,1
36.82,29.0,0
85.72,24.0,1
80.86,26.0,1
76.82,32.0,1
78.98,24.0,1
85.0,29.0,1
79.0,26.0,1
76.03,27.0,1
85.0,29.0,1
63.0,29.0,0
66.0,29.0,0
84.0,27.0,1
74.82,27.0,1
47.09,29.0,0
61.62,28.0,0
98.28,27.0,1
46.72,28.0,0
78.49,23.0,1
101.82,28.0,1
85.62,26.0,1
52.74,28.0,0
64.41,27.0,0
92.0,28.0,1
82.0,27.0,1
90.28,28.0,1
47.6,28.0,0
82.03,28.0,1
89.64,28.0,1
51.12,26.0,0
54.02,28.0,0
62.63,27.0,0
91.37,28.0,1
71.82,29.0,1
90.87,27.0,1
50.0,27.0,0
90.82,28.0,1
67.0,30.0,0
97.0,28.0,1
92.47,28.0,1
67.72,25.0,0
91.18,26.0,1
80.0,30.0,1
66.0,29.0,0
90.69,26.0,1
52.0,28.0,0
89.16,29.0,1
95.82,27.0,1
85.51,27.0,1
82.0,27.0,1
69.42,28.0,1
94.82,25.0,1
48.8,28.0,0
66.59,26.0,0
57.08,28.0,0
69.88,28.0,1
97.0,29.0,1
85.0,28.0,1
65.82,29.0,0
74.55,27.0,1
72.56,29.0,1
85.0,28.0,1
81.0,26.0,1
50.0,30.0,0
54.18,25.0,0
45.37,29.0,0
32.29,28.0,0
49.26,28.0,0
86.0,30.0,1
51.0,30.0,0
71.71000000000001,28.0,1
50.93,29.0,0
48.75,29.0,0
83.47,25.0,1
66.0,27.0,0
72.82,28.0,1
68.82,27.0,1
48.82,29.0,0
39.82,27.0,0
84.82,25.0,1
81.4,28.0,1
63.0,28.0,0
53.69,28.0,0
35.66,29.0,0
52.66,28.0,0
73.82,28.0,1
91.0,28.0,1
79.68,26.0,1
95.16,27.0,1
51.82,29.0,0
60.22,27.0,0
34.519999999999996,28.0,0
65.0,29.0,0
48.62,29.0,0
53.0,26.0,0
49.41,27.0,0
67.1,26.0,0
73.82,27.0,1
91.18,28.0,1
76.0,28.0,1
81.82,29.0,1
62.05,29.0,0
81.01,24.0,1
84.09,24.0,1
49.87,27.0,0
47.91,28.0,0
62.0,29.0,0
58.88,28.0,0
49.78,29.0,0
76.82,28.0,1
47.26,28.0,0
76.82,28.0,1
35.68,29.0,0
99.42,26.0,1
56.0,29.0,0
97.0,29.0,1
65.69,25.0,0
91.0,28.0,1
80.65,24.0,1
70.74000000000001,26.0,1
40.1,28.0,0
42.26,29.0,0
70.0,30.0,1
55.0,29.0,0
43.37,29.0,0
36.82,27.0,0
54.52,28.0,0
42.24,27.0,0
44.21,28.0,0
51.68,29.0,0
49.82,26.0,0
95.55,28.0,1
68.88,28.0,1
45.0,30.0,0
78.38,29.0,1
47.0,29.0,0
36.92,29.0,0
61.05,27.0,0
49.0,28.0,0
42.0,30.0,0
52.01,29.0,0
87.6,27.0,1
92.75,27.0,1
66.56,30.0,0
36.28,27.0,0
73.52,30.0,1
73.91,26.0,1
69.82,28.0,1
91.82,26.0,1
95.55,28.0,1
57.83,30.0,0
73.27,27.0,1
34.09,28.0,0
75.82,27.0,1
95.82,28.0,1
82.52,35.0,1
65.15,28.0,0
49.3,30.0,0
42.42,29.0,0
54.0,29.0,0
75.7,31.0,1
69.16,29.0,1
84.82,29.0,1
60.54,29.0,0
47.0,29.0,0
84.42,25.0,1
95.94,27.0,1
38.82,30.0,0
82.34,30.0,1
104.0,24.0,1
73.0,29.0,1
60.7,30.0,0
49.85,28.0,0
54.19,29.0,0
70.0,28.0,1
38.75,27.0,0
81.86,25.0,1
65.33,29.0,0
46.82,29.0,0
75.36,25.0,1
69.2,25.0,1
96.0,28.0,1
95.77,25.0,1
52.62,29.0,0
43.82,29.0,0
95.82,27.0,1
71.08,29.0,1
78.37,24.0,1
65.0,30.0,0
35.96,29.0,0
86.79,28.0,1
32.47,27.0,0
35.39,29.0,0
54.05,29.0,0
68.92,27.0,1
64.82,28.0,0
87.01,27.0,1
92.79,30.0,1
60.55,28.0,0
41.1,29.0,0
86.82,28.0,1
39.73,28.0,0
44.37,29.0,0
49.83,27.0,0
39.82,27.0,0
62.82,28.0,0
33.91,25.0,0
86.74,23.0,1
85.0,28.0,1
68.89,28.0,1
56.1,29.0,0
59.82,28.0,0
40.82,30.0,0
71.13,30.0,1
62.0,25.0,0
62.94,27.0,0
39.82,28.0,0
54.3,25.0,0
81.33,29.0,1
67.82,29.0,0
102.82,28.0,1
91.59,24.0,1
39.34,28.0,0
72.6,28.0,1
44.82,30.0,0
52.91,28.0,0
71.0,28.0,1
76.88,27.0,1
44.4,30.0,0
66.22,30.0,0
78.62,28.0,1
88.0,29.0,1
50.28,29.0,0
84.82,35.0,1
91.53,28.0,1
101.0,29.0,1
94.35,25.0,1
91.0,27.0,1
76.82,28.0,1
80.32,25.0,1
67.16,27.0,0
96.85,28.0,1
59.29,26.0,0
33.16,29.0,0
86.1,31.0,1
64.5,27.0,0
38.47,27.0,0
87.82,28.0,1
79.82,23.0,1
77.63,28.0,1
65.83,27.0,0
46.17,29.0,0
45.95,27.0,0
47.26,29.0,0
57.17,28.0,0
81.0,27.0,1
43.74,30.0,0
81.12,28.0,1
86.66,26.0,1
75.32,24.0,1
62.0,30.0,0
90.17,27.0,1
85.0,27.0,1
52.8,26.0,0
75.51,28.0,1
91.04,27.0,1
52.56,28.0,0
51.14,29.0,0
79.32,29.0,1
78.4,29.0,1
67.0,29.0,0
66.0,27.0,0
85.07,29.0,1
76.0,29.0,1
78.0,25.0,1
84.84,28.0,1
97.33,29.0,1
65.0,26.0,0
39.07,27.0,0
88.82,26.0,1
63.13,29.0,0
85.82,28.0,1
77.82,26.0,1
80.84,30.0,1
40.88,28.0,0
91.12,28.0,1
70.43,28.0,1
82.0,28.0,1
35.480000000000004,28.0,0
77.99,29.0,1
70.0,28.0,1
54.61,29.0,0
96.82,29.0,1
91.82,30.0,1
94.51,27.0,1
78.55,29.0,1
63.99,25.0,0
149.82,26.0,1
85.82,27.0,1
84.0,28.0,1
76.27,26.0,1
88.17,28.0,1
41.25,30.0,0
88.0,26.0,1
79.46,24.0,1
68.44,30.0,1
75.77,27.0,1
59.44,25.0,0
67.0,26.0,0
87.06,25.0,1
49.82,29.0,0
74.82,28.0,1
97.94,28.0,1
41.41,29.0,0
58.82,30.0,0
82.82,27.0,1
51.82,28.0,0
95.0,26.0,1
64.31,26.0,0
85.06,24.0,1
34.25,29.0,0
73.61,28.0,1
45.14,28.0,0
79.5,29.0,1
90.67,26.0,1
50.32,28.0,0
79.0,28.0,1
89.0,26.0,1
88.27,25.0,1
74.21,26.0,1
40.46,28.0,0
65.0,28.0,0
49.61,28.0,0
47.82,29.0,0
75.0,28.0,1
78.0,29.0,1
77.82,30.0,1
94.3,26.0,1
96.25,28.0,1
32.83,28.0,0
92.82,28.0,1
94.09,29.0,1
90.87,27.0,1
72.68,27.0,1
80.82,30.0,1
54.82,29.0,0
61.82,29.0,0
91.82,29.0,1
73.0,28.0,1
40.55,29.0,0
64.0,28.0,0
70.0,29.0,1
33.75,28.0,0
91.77,29.0,1
83.3,28.0,1
42.0,28.0,0
88.0,27.0,1
95.72,27.0,1
81.0,28.0,1
77.97,28.0,1
94.82,28.0,1
85.29,28.0,1
94.82,27.0,1
46.82,29.0,0
83.52,29.0,1
99.61,27.0,1
62.82,29.0,0
86.26,27.0,1
90.8,29.0,1
93.08,24.0,1
86.33,28.0,1
84.82,27.0,1
71.08,28.0,1
82.0,25.0,1
51.0,30.0,0
48.02,28.0,0
70.0,28.0,1
48.0,30.0,0
50.93,29.0,0
66.82,29.0,0
65.0,28.0,0
39.07,28.0,0
89.88,28.0,1
69.82,28.0,1
98.1,27.0,1
84.18,26.0,1
58.0,26.0,0
50.86,29.0,0
67.71,26.0,0
78.44,27.0,1
85.0,25.0,1
75.78,26.0,1
89.18,27.0,1
48.09,30.0,0
78.82,26.0,1
51.0,29.0,0
36.129999999999995,26.0,0
72.0,29.0,1
90.04,27.0,1
81.65,25.0,1
81.8,29.0,1
47.19,28.0,0
79.55,25.0,1
62.54,27.0,0
53.15,29.0,0
43.2,28.0,0
34.01,29.0,0
70.0,27.0,1
71.82,29.0,1
91.09,25.0,1
90.0,23.0,1
75.82,28.0,1
44.0,28.0,0
82.0,30.0,1
68.74000000000001,27.0,1
49.41,28.0,0
47.67,27.0,0
57.0,28.0,0
85.31,29.0,1
85.82,27.0,1
84.7,27.0,1
41.13,27.0,0
52.31,27.0,0
91.99,29.0,1
89.28,28.0,1
61.58,28.0,0
61.91,29.0,0
44.0,28.0,0
66.82,27.0,0
38.24,28.0,0
93.82,29.0,1
95.8,33.0,1
79.12,27.0,1
74.75,27.0,1
56.12,27.0,0
64.3,27.0,0
80.0,29.0,1
59.0,28.0,0
81.82,27.0,1
63.17,27.0,0
85.8,27.0,1
60.13,27.0,0
63.0,27.0,0
63.31,27.0,0
78.82,27.0,1
39.82,29.0,0
72.34,23.0,1
102.82,28.0,1
68.0,27.0,1
78.0,28.0,1
73.61,27.0,1
65.82,26.0,0
71.0,28.0,1
76.58,27.0,1
30.45,29.0,0
46.25,27.0,0
49.11,29.0,0
61.09,28.0,0
78.82,28.0,1
63.58,28.0,0
76.37,28.0,1
77.0,28.0,1
43.53,29.0,0
40.95,29.0,0
83.82,28.0,1
47.58,26.0,0
52.41,29.0,0
64.83,28.0,0
85.0,22.0,1
73.74,27.0,1
67.83,28.0,0
80.51,26.0,1
100.96,36.0,1
71.33,27.0,1
82.11,29.0,1
73.0,30.0,1
88.28,26.0,1
94.82,26.0,1
91.35,28.0,1
46.82,28.0,0
76.79,26.0,1
54.82,29.0,0
71.82,30.0,1
64.0,27.0,0
44.03,26.0,0
90.0,27.0,1
78.35,30.0,1
48.0,29.0,0
59.82,29.0,0
37.15,28.0,0
76.0,24.0,1
65.96000000000001,29.0,0
59.74,28.0,0
61.8,24.0,0
74.0,26.0,1
42.03,26.0,0
52.0,27.0,0
74.17,27.0,1
96.37,32.0,1
58.3,29.0,0
80.0,22.0,1
84.82,29.0,1
94.32,27.0,1
101.0,25.0,1
84.89,27.0,1
53.82,28.0,0
92.95,28.0,1
79.25,27.0,1
88.72,28.0,1
93.03,27.0,1
37.42,29.0,0
84.37,29.0,1
55.0,28.0,0
44.42,29.0,0
88.43,27.0,1
34.58,28.0,0
60.0,28.0,0
76.16,28.0,1
67.58,27.0,0
44.77,28.0,0
43.0,28.0,0
83.0,28.0,1
78.64,26.0,1
47.82,30.0,0
54.4,29.0,0
75.68,25.0,1
62.06,25.0,0
96.51,25.0,1
44.02,29.0,0
71.19,24.0,1
71.0,27.0,1
51.61,30.0,0
74.3,28.0,1
42.51,26.0,0
95.7,28.0,1
42.94,28.0,0
71.0,27.0,1
37.68,27.0,0
42.78,29.0,0
49.0,29.0,0
54.88,30.0,0
51.0,28.0,0
57.58,26.0,0
89.82,30.0,1
72.18,28.0,1
35.53,29.0,0
90.64,30.0,1
87.0,25.0,1
72.68,26.0,1
46.61,30.0,0
68.3,26.0,1
81.82,28.0,1
83.9,26.0,1
92.64,23.0,1
81.0,27.0,1
170.84,35.0,1
85.58,26.0,1
40.88,28.0,0
54.82,29.0,0
98.06,28.0,1
91.72,25.0,1
56.09,28.0,0
74.14,29.0,1
52.29,29.0,0
65.0,29.0,0
54.0,28.0,0
69.15,26.0,1
91.3,27.0,1
96.17,27.0,1
93.0,30.0,1
77.82,21.0,1
45.82,28.0,0
57.34,29.0,0
35.82,29.0,0
93.65,26.0,1
43.82,29.0,0
63.0,28.0,0
90.64,29.0,1
45.81,29.0,0
57.56,28.0,0
76.82,28.0,1
40.02,28.0,0
49.91,36.0,0
73.8,27.0,1
81.56,27.0,1
84.82,27.0,1
68.0,28.0,1
88.21,26.0,1
72.32,26.0,1
63.45,27.0,0
81.96,29.0,1
42.67,31.0,0
37.48,29.0,0
102.0,28.0,1
35.1,29.0,0
74.04,28.0,1
57.98,28.0,0
78.13,23.0,1
56.0,29.0,0
87.73,26.0,1
42.82,30.0,0
84.43,28.0,1
76.0,26.0,1
80.8,24.0,1
98.46,28.0,1
71.83,26.0,1
59.24,27.0,0
53.82,29.0,0
80.31,27.0,1
78.61,29.0,1
57.0,28.0,0
45.1,27.0,0
46.0,28.0,0
68.55,30.0,1
97.21,29.0,1
50.33,30.0,0
56.82,24.0,0
104.0,27.0,1
101.0,27.0,1
61.82,28.0,0
82.06,30.0,1
89.1,30.0,1
62.0,26.0,0
89.14,25.0,1
60.82,28.0,0
38.0,30.0,0
78.82,37.0,1
61.0,28.0,0
89.0,26.0,1
86.82,27.0,1
62.0,29.0,0
76.0,27.0,1
92.36,28.0,1
104.0,27.0,1
83.22,27.0,1
42.0,28.0,0
50.82,28.0,0
78.88,30.0,1
43.82,28.0,0
85.0,29.0,1
58.0,28.0,0
90.07,27.0,1
96.82,29.0,1
42.37,29.0,0
56.82,35.0,0
76.97,28.0,1
79.82,29.0,1
68.22,23.0,1
90.51,29.0,1
74.73,29.0,1
97.03,26.0,1
34.57,30.0,0
53.27,27.0,0
46.83,29.0,0
87.16,28.0,1
72.61,25.0,1
92.06,28.0,1
71.72,32.0,1
87.0,29.0,1
73.15,30.0,1
48.99,28.0,0
88.24,28.0,1
70.1,24.0,1
39.74,26.0,0
56.67,28.0,0
74.26,28.0,1
87.0,29.0,1
78.58,26.0,1
79.18,23.0,1
55.6,29.0,0
48.78,29.0,0
43.92,28.0,0
39.82,29.0,0
88.21,28.0,1
54.3,29.0,0
66.82,29.0,0
79.0,29.0,1
74.82,28.0,1
84.47,27.0,1
69.29,27.0,1
54.0,28.0,0
96.61,27.0,1
69.31,26.0,1
90.32,29.0,1
50.09,29.0,0
72.73,29.0,1
68.61,24.0,1
33.97,28.0,0
90.82,28.0,1
84.21,33.0,1
59.2,28.0,0
81.94,27.0,1
94.82,26.0,1
94.34,28.0,1
102.56,30.0,1
82.81,26.0,1
79.82,29.0,1
97.81,25.0,1
92.0,27.0,1
62.93,28.0,0
77.94,30.0,1
56.57,30.0,0
78.96,20.0,1
44.0,29.0,0
76.0,28.0,1
36.82,28.0,0
81.02,26.0,1
41.91,28.0,0
77.34,25.0,1
63.82,29.0,0
96.0,28.0,1
72.44,28.0,1
79.09,21.0,1
99.0,27.0,1
69.19,27.0,1
52.82,27.0,0
85.95,27.0,1
35.239999999999995,28.0,0
83.82,28.0,1
55.82,28.0,0
66.0,29.0,0
74.03,28.0,1
77.82,27.0,1
64.77000000000001,29.0,0
44.97,30.0,0
87.67,27.0,1
75.69,27.0,1
42.75,28.0,0
70.0,28.0,1
88.82,27.0,1
78.81,27.0,1
48.7,28.0,0
51.07,29.0,0
83.82,26.0,1
66.1,28.0,0
89.56,29.0,1
95.69,21.0,1
99.0,29.0,1
75.77,28.0,1
60.0,29.0,0
63.64,29.0,0
89.56,29.0,1
56.0,28.0,0
68.0,29.0,1
95.06,35.0,1
88.12,28.0,1
81.0,29.0,1
53.74,28.0,0
63.82,29.0,0
53.14,27.0,0
79.73,26.0,1
55.0,29.0,0
76.0,26.0,1
44.85,28.0,0
82.86,29.0,1
69.67,29.0,1
102.78,29.0,1
83.46,30.0,1
82.0,27.0,1
95.03,28.0,1
91.71,27.0,1
89.29,32.0,1
80.0,29.0,1
92.22,27.0,1
87.74,29.0,1
61.0,29.0,0
76.0,28.0,1
73.61,24.0,1
83.0,27.0,1
98.0,28.0,1
34.769999999999996,28.0,0
58.82,29.0,0
85.82,24.0,1
31.23,30.0,0
40.57,29.0,0
57.0,30.0,0
79.0,28.0,1
74.62,29.0,1
48.09,30.0,0
33.82,27.0,0
95.0,29.0,1
35.0,27.0,0
78.82,27.0,1
41.87,29.0,0
72.46,29.0,1
36.44,26.0,0
82.42,29.0,1
53.16,29.0,0
83.0,26.0,1
80.27,28.0,1
82.53,27.0,1
65.0,30.0,0
77.55,29.0,1
79.04,29.0,1
54.82,28.0,0
59.82,25.0,0
57.82,30.0,0
89.76,26.0,1
88.91,27.0,1
77.0,29.0,1
37.43,29.0,0
45.0,29.0,0
69.0,28.0,1
33.3,28.0,0
82.68,28.0,1
70.12,31.0,1
88.82,27.0,1
72.66,23.0,1
40.91,29.0,0
38.2,28.0,0
66.19,27.0,0
97.1,25.0,1
89.84,30.0,1
39.61,27.0,0
69.0,27.0,1
69.82,30.0,1
33.34,30.0,0
41.25,29.0,0
97.73,27.0,1
51.0,28.0,0
77.03,25.0,1
92.65,23.0,1
90.82,24.0,1
86.88,28.0,1
68.03999999999999,29.0,1
75.02,29.0,1
35.82,28.0,0
58.2,29.0,0
96.18,27.0,1
82.0,29.0,1
45.68,27.0,0
82.38,39.0,1
71.24000000000001,27.0,1
91.82,27.0,1
41.39,28.0,0
40.03,28.0,0
155.82,28.0,1
62.0,27.0,0
45.32,30.0,0
94.43,28.0,1
69.82,29.0,1
67.0,22.0,0
86.82,33.0,1
74.77,26.0,1
28.65,29.0,0
34.989999999999995,29.0,0
55.0,26.0,0
46.77,28.0,0
53.85,27.0,0
57.55,28.0,0
70.74,27.0,1
77.0,27.0,1
95.97,24.0,1
73.0,28.0,1
49.22,26.0,0
60.0,28.0,0
130.82,29.0,1
80.73,23.0,1
95.72,27.0,1
43.0,28.0,0
45.0,29.0,0
93.46,29.0,1
95.28,28.0,1
34.82,28.0,0
84.87,25.0,1
84.84,26.0,1
73.6,29.0,1
64.0,27.0,0
32.0,29.0,0
61.0,27.0,0
87.92,28.0,1
43.82,27.0,0
40.3,30.0,0
79.44,26.0,1
86.91,26.0,1
81.62,26.0,1
67.78,25.0,0
42.73,27.0,0
56.58,29.0,0
73.09,30.0,1
98.82,26.0,1
39.05,25.0,0
96.16,27.0,1
91.38,37.0,1
52.78,28.0,0
63.0,29.0,0
88.0,26.0,1
50.52,27.0,0
74.4,26.0,1
89.01,27.0,1
99.09,23.0,1
77.59,28.0,1
35.129999999999995,28.0,0
35.07,26.0,0
54.55,27.0,0
84.0,29.0,1
63.16,33.0,0
74.82,27.0,1
43.18,29.0,0
52.61,29.0,0
82.62,28.0,1
79.16,27.0,1
87.31,21.0,1
68.97999999999999,29.0,1
80.0,27.0,1
63.0,29.0,0
94.78,27.0,1
69.78,29.0,1
94.82,26.0,1
48.0,28.0,0
62.0,28.0,0
33.26,30.0,0
82.82,28.0,1
81.62,32.0,1
53.01,27.0,0
94.03,28.0,1
61.72,29.0,0
84.28,30.0,1
77.04,25.0,1
67.66,27.0,0
94.43,26.0,1
88.58,25.0,1
53.46,27.0,0
36.95,29.0,0
94.98,29.0,1
33.3,26.0,0
78.73,27.0,1
43.82,29.0,0
63.0,28.0,0
71.48,27.0,1
94.0,30.0,1
85.82,27.0,1
78.0,27.0,1
93.13,26.0,1
63.94,28.0,0
87.82,27.0,1
96.28,27.0,1
41.82,29.0,0
62.69,25.0,0
43.0,30.0,0
98.77,28.0,1
74.32,24.0,1
55.83,30.0,0
97.43,28.0,1
70.91,27.0,1
98.82,28.0,1
48.0,28.0,0
57.4,29.0,0
52.67,28.0,0
77.7,30.0,1
79.57,22.0,1
60.0,27.0,0
59.1,28.0,0
75.0,25.0,1
82.24,30.0,1
75.82,29.0,1
72.42,28.0,1
39.59,30.0,0
85.0,29.0,1
56.67,27.0,0
89.09,29.0,1
75.0,30.0,1
35.55,28.0,0
82.04,29.0,1
77.59,28.0,1
62.85,29.0,0
83.88,27.0,1
96.96,23.0,1
56.8,28.0,0
53.46,29.0,0
66.0,29.0,0
59.0,29.0,0
65.0,29.0,0
67.8,28.0,0
90.07,26.0,1
50.97,30.0,0
85.0,29.0,1
100.0,28.0,1
96.0,26.0,1
88.88,25.0,1
40.84,30.0,0
88.26,29.0,1
57.42,30.0,0
69.16,28.0,1
67.61,29.0,0
98.16,27.0,1
97.86,27.0,1
93.13,29.0,1
71.0,30.0,1
61.27,27.0,0
35.41,29.0,0
76.23,28.0,1
73.27,27.0,1
91.0,27.0,1
91.59,28.0,1
83.69,28.0,1
55.8,29.0,0
52.98,28.0,0
70.59,28.0,1
63.0,29.0,0
92.37,25.0,1
93.74,24.0,1
58.0,29.0,0
76.82,24.0,1
74.0,27.0,1
57.0,29.0,0
91.2,25.0,1
58.86,27.0,0
43.38,26.0,0
99.07,27.0,1
88.73,27.0,1
32.17,29.0,0
67.42,26.0,0
52.82,29.0,0
48.0,30.0,0
89.42,29.0,1
90.82,27.0,1
55.0,30.0,0
78.0,25.0,1
44.8,27.0,0
42.82,29.0,0
91.0,26.0,1
89.0,27.0,1
81.0,28.0,1
48.0,29.0,0
43.43,27.0,0
61.71,29.0,0
51.82,29.0,0
84.17,27.0,1
34.44,29.0,0
42.67,28.0,0
66.65,29.0,0
91.37,27.0,1
47.02,28.0,0
77.89,26.0,1
87.0,30.0,1
87.44,28.0,1
99.28,28.0,1
76.22,30.0,1
51.79,28.0,0
72.75,31.0,1
66.13,27.0,0
70.74000000000001,24.0,1
51.88,27.0,0
89.0,23.0,1
79.0,27.0,1
71.07,27.0,1
74.13,28.0,1
33.04,28.0,0
87.1,27.0,1
70.82,27.0,1
36.9,28.0,0
87.47,29.0,1
43.0,30.0,0
94.74,23.0,1
54.97,27.0,0
57.95,31.0,0
36.32,26.0,0
53.23,29.0,0
59.21,28.0,0
68.77000000000001,28.0,1
78.37,24.0,1
37.1,29.0,0
60.0,29.0,0
41.0,27.0,0
103.0,27.0,1
58.4,26.0,0
83.24,32.0,1
69.82,25.0,1
89.36,28.0,1
96.97,26.0,1
35.82,28.0,0
99.0,28.0,1
54.0,28.0,0
50.82,29.0,0
77.66,28.0,1
88.93,27.0,1
91.99,25.0,1
48.96,28.0,0
43.39,27.0,0
35.15,29.0,0
49.0,30.0,0
62.13,30.0,0
70.58,27.0,1
36.82,28.0,0
67.66,26.0,0
95.55,27.0,1
69.0,26.0,1
73.05,26.0,1
69.09,25.0,1
33.82,30.0,0
63.16,29.0,0
57.0,30.0,0
81.0,28.0,1
77.91,28.0,1
35.82,30.0,0
77.0,25.0,1
56.82,28.0,0
32.55,29.0,0
79.01,27.0,1
84.0,27.0,1
43.0,29.0,0
51.82,27.0,0
93.0,28.0,1
89.82,26.0,1
51.7,29.0,0
31.07,28.0,0
82.82,27.0,1
76.99,24.0,1
88.03,29.0,1
37.0,30.0,0
58.0,29.0,0
80.0,28.0,1
74.0,28.0,1
42.75,28.0,0
98.42,25.0,1
34.11,29.0,0
68.0,25.0,1
73.82,24.0,1
93.29,27.0,1
57.31,29.0,0
52.82,29.0,0
65.82,29.0,0
99.0,27.0,1
56.269999999999996,31.0,0
84.82,30.0,1
73.52,22.0,1
84.0,28.0,1
82.17,27.0,1
82.0,27.0,1
88.38,26.0,1
73.08,30.0,1
35.370000000000005,29.0,0
73.89,28.0,1
69.02,27.0,1
67.33,29.0,0
80.05,26.0,1
78.95,27.0,1
48.97,29.0,0
73.13,28.0,1
86.19,29.0,1
72.6,26.0,1
92.94,35.0,1
96.02,28.0,1
67.82,35.0,0
91.26,28.0,1
45.82,30.0,0
75.68,28.0,1
76.31,28.0,1
54.98,29.0,0
72.82,28.0,1
76.77,27.0,1
82.0,27.0,1
81.3,28.0,1
73.7,23.0,1
59.0,29.0,0
47.98,26.0,0
34.82,28.0,0
92.82,27.0,1
80.0,26.0,1
83.73,26.0,1
84.64,27.0,1
72.0,29.0,1
76.0,28.0,1
40.77,30.0,0
84.65,27.0,1
89.55,27.0,1
63.26,23.0,0
43.23,29.0,0
99.82,28.0,1
84.94,28.0,1
80.0,29.0,1
71.0,29.0,1
83.0,26.0,1
54.0,28.0,0
56.01,27.0,0
60.69,27.0,0
88.0,26.0,1
73.82,24.0,1
53.12,27.0,0
82.5,25.0,1
84.0,28.0,1
94.0,27.0,1
64.94,28.0,0
46.0,29.0,0
92.82,30.0,1
79.82,27.0,1
71.87,26.0,1
50.57,29.0,0
82.48,29.0,1
42.01,29.0,0
88.0,27.0,1
87.82,21.0,1
91.37,27.0,1
98.0,28.0,1
76.25,34.0,1
57.97,27.0,0
46.47,27.0,0
78.82,26.0,1
81.82,30.0,1
61.27,28.0,0
46.05,29.0,0
73.4,27.0,1
50.82,27.0,0
42.31,29.0,0
65.28999999999999,24.0,0
40.84,28.0,0
89.0,25.0,1
54.0,28.0,0
32.71,28.0,0
78.05,25.0,1
128.39,27.0,1
54.91,29.0,0
94.0,27.0,1
32.739999999999995,29.0,0
84.82,26.0,1
75.0,28.0,1
88.0,27.0,1
84.0,29.0,1
92.66,28.0,1
77.0,28.0,1
68.67,27.0,1
79.0,26.0,1
46.82,30.0,0
45.09,28.0,0
45.13,26.0,0
97.02,28.0,1
86.0,29.0,1
88.0,35.0,1
84.37,29.0,1
51.67,30.0,0
58.0,28.0,0
49.7,29.0,0
84.55,27.0,1
82.0,30.0,1
97.0,28.0,1
90.35,27.0,1
92.72,28.0,1
50.0,30.0,0
89.97,26.0,1
79.62,28.0,1
43.64,26.0,0
89.55,29.0,1
34.43,30.0,0
80.82,27.0,1
66.82,28.0,0
38.92,36.0,0
102.0,26.0,1
75.17,26.0,1
85.0,28.0,1
84.92,28.0,1
34.09,28.0,0
44.82,28.0,0
58.0,27.0,0
79.0,29.0,1
80.82,27.0,1
65.61,29.0,0
80.33,26.0,1
81.32,26.0,1
86.82,26.0,1
89.69,26.0,1
84.0,29.0,1
74.34,24.0,1
59.16,29.0,0
46.92,27.0,0
69.33,29.0,1
50.52,26.0,0
79.84,28.0,1
70.0,27.0,1
73.99,29.0,1
92.82,26.0,1
54.0,29.0,0
89.32,22.0,1
84.14,30.0,1
93.0,27.0,1
84.13,27.0,1
87.37,26.0,1
75.51,27.0,1
71.27,30.0,1
44.4,28.0,0
67.41,28.0,0
44.0,29.0,0
49.82,28.0,0
35.22,30.0,0
44.0,30.0,0
89.79,27.0,1
86.82,28.0,1
92.41,23.0,1
38.82,28.0,0
54.82,28.0,0
66.59,26.0,0
40.3,30.0,0
66.0,28.0,0
42.33,26.0,0
46.61,28.0,0
42.26,29.0,0
34.989999999999995,29.0,0
79.0,28.0,1
43.99,29.0,0
95.82,26.0,1
78.33,28.0,1
88.71,26.0,1
63.62,25.0,0
37.69,27.0,0
66.49000000000001,29.0,0
66.03999999999999,30.0,0
93.0,27.0,1
58.5,30.0,0
68.82,28.0,1
67.0,29.0,0
38.61,28.0,0
75.84,29.0,1
59.0,27.0,0
29.91,26.0,0
81.82,29.0,1
74.82,29.0,1
65.0,28.0,0
60.28,30.0,0
80.33,28.0,1
84.44,26.0,1
76.0,28.0,1
77.82,22.0,1
58.69,29.0,0
57.99,27.0,0
82.58,24.0,1
35.47,29.0,0
40.129999999999995,29.0,0
96.01,28.0,1
73.18,28.0,1
47.84,29.0,0
77.8,25.0,1
82.07,27.0,1
46.05,31.0,0
95.09,27.0,1
73.0,29.0,1
37.54,29.0,0
88.28,28.0,1
94.82,27.0,1
88.12,29.0,1
65.43,28.0,0
44.65,29.0,0
43.58,29.0,0
68.1,26.0,1
93.82,24.0,1
83.0,28.0,1
71.0,30.0,1
102.18,28.0,1
95.13,26.0,1
84.0,29.0,1
81.0,29.0,1
63.82,29.0,0
77.12,30.0,1
63.42,28.0,0
91.86,25.0,1
103.0,27.0,1
33.82,30.0,0
47.82,28.0,0
70.82,27.0,1
93.44,26.0,1
47.12,30.0,0
62.16,25.0,0
81.25,28.0,1
47.78,28.0,0
40.64,26.0,0
97.82,26.0,1
82.82,23.0,1
92.1,27.0,1
51.0,28.0,0
49.09,29.0,0
59.82,27.0,0
68.82,26.0,1
43.39,27.0,0
66.55,27.0,0
83.29,27.0,1
76.68,29.0,1
87.32,26.0,1
75.15,27.0,1
78.82,29.0,1
83.77,29.0,1
80.0,26.0,1
79.0,29.0,1
65.81,26.0,0
66.74000000000001,25.0,0
35.1,29.0,0
88.89,27.0,1
82.67,29.0,1
50.82,27.0,0
94.0,28.0,1
63.5,26.0,0
97.82,26.0,1
70.34,28.0,1
83.33,28.0,1
35.71,28.0,0
69.41,27.0,1
64.12,29.0,0
72.15,26.0,1
98.67,28.0,1
94.71,28.0,1
167.82,23.0,1
65.07,27.0,0
97.62,26.0,1
81.0,28.0,1
61.32,29.0,0
46.82,28.0,0
100.6,27.0,1
35.09,30.0,0
67.84,27.0,1
63.53,30.0,0
87.82,28.0,1
91.69,27.0,1
61.0,28.0,0
64.0,29.0,0
84.91,25.0,1
85.65,24.0,1
61.0,28.0,0
54.0,29.0,0
42.57,27.0,0
76.62,29.0,1
64.03,29.0,0
90.41,28.0,1
88.04,28.0,1
59.0,28.0,0
83.3,27.0,1
42.0,26.0,0
64.82,27.0,0
69.0,30.0,1
93.0,27.0,1
61.17,27.0,0
84.06,29.0,1
71.82,27.0,1
75.63,28.0,1
91.82,29.0,1
71.82,28.0,1
69.82,24.0,1
51.0,28.0,0
82.46,27.0,1
82.17,26.0,1
37.769999999999996,37.0,0
67.22,35.0,0
56.01,27.0,0
80.21,28.0,1
65.0,27.0,0
70.75999999999999,30.0,1
90.5,22.0,1
102.72,29.0,1
79.48,28.0,1
80.73,28.0,1
68.0,27.0,1
85.94,26.0,1
76.49,28.0,1
94.3,28.0,1
87.18,32.0,1
51.86,28.0,0
99.61,27.0,1
35.92,28.0,0
43.13,36.0,0
72.82,28.0,1
81.82,28.0,1
39.73,29.0,0
52.98,29.0,0
36.94,28.0,0
49.97,28.0,0
82.44,19.0,1
63.72,29.0,0
55.21,29.0,0
96.82,25.0,1
47.41,30.0,0
46.16,29.0,0
73.85,26.0,1
66.4,36.0,0
53.82,28.0,0
77.82,28.0,1
84.92,28.0,1
67.82,30.0,0
46.23,29.0,0
98.92,28.0,1
71.4,30.0,1
74.75,23.0,1
99.0,26.0,1
35.05,29.0,0
60.78,28.0,0
75.37,29.0,1
53.82,27.0,0
100.4,33.0,1
58.1,28.0,0
59.13,26.0,0
82.5,28.0,1
83.74,28.0,1
48.0,29.0,0
72.0,27.0,1
96.64,28.0,1
90.82,30.0,1
66.92,24.0,0
102.0,28.0,1
61.83,28.0,0
65.65,28.0,0
82.77,28.0,1
60.41,28.0,0
71.82,28.0,1
70.74000000000001,28.0,1
74.53,27.0,1
81.0,29.0,1
49.0,28.0,0
78.0,28.0,1
78.1,30.0,1
60.94,28.0,0
98.91,29.0,1
79.0,29.0,1
83.04,28.0,1
48.82,27.0,0
83.0,27.0,1
79.0,26.0,1
36.3,29.0,0
88.82,26.0,1
47.0,30.0,0
50.83,26.0,0
65.82,27.0,0
73.6,29.0,1
65.82,30.0,0
54.22,30.0,0
41.0,28.0,0
58.41,29.0,0
78.16,28.0,1
93.56,24.0,1
61.25,29.0,0
84.06,28.0,1
57.83,26.0,0
50.82,28.0,0
79.86,29.0,1
45.09,28.0,0
67.78999999999999,27.0,0
80.05,30.0,1
46.56,28.0,0
70.37,26.0,1
86.0,29.0,1
45.48,28.0,0
92.02,27.0,1
60.86,29.0,0
86.82,26.0,1
84.99,26.0,1
57.56,27.0,0
84.0,30.0,1
41.75,29.0,0
60.15,29.0,0
69.71000000000001,27.0,1
60.87,25.0,0
62.38,28.0,0
41.44,28.0,0
46.91,29.0,0
98.28,25.0,1
77.82,27.0,1
56.82,29.0,0
92.44,25.0,1
79.7,26.0,1
88.82,28.0,1
56.85,30.0,0
56.01,28.0,0
96.05,28.0,1
79.0,30.0,1
88.33,28.0,1
38.97,27.0,0
77.82,28.0,1
79.75,27.0,1
84.0,25.0,1
58.0,30.0,0
94.0,28.0,1
47.57,28.0,0
70.0,28.0,1
90.0,27.0,1
78.82,27.0,1
80.22,26.0,1
80.0,29.0,1
53.02,29.0,0
90.0,26.0,1
96.0,29.0,1
58.82,28.0,0
99.87,29.0,1
42.6,30.0,0
56.43,29.0,0
35.629999999999995,27.0,0
45.8,27.0,0
83.0,26.0,1
56.19,27.0,0
98.58,27.0,1
56.53,27.0,0
46.26,29.0,0
97.43,22.0,1
76.31,26.0,1
53.41,29.0,0
36.0,30.0,0
66.85,24.0,0
90.0,28.0,1
83.78,28.0,1
63.0,28.0,0
96.28,27.0,1
80.82,29.0,1
68.27,28.0,1
71.0,24.0,1
78.81,29.0,1
90.4,25.0,1
69.74000000000001,28.0,1
95.0,27.0,1
100.56,26.0,1
107.0,28.0,1
86.0,30.0,1
95.91,25.0,1
77.03,29.0,1
89.82,28.0,1
81.0,28.0,1
44.85,24.0,0
95.71,25.0,1
45.05,26.0,0
56.26,28.0,0
38.02,29.0,0
75.14,21.0,1
91.26,27.0,1
55.47,27.0,0
87.35,28.0,1
38.41,26.0,0
71.88,25.0,1
51.62,27.0,0
61.0,27.0,0
40.17,29.0,0
94.77,28.0,1
58.82,30.0,0
44.19,28.0,0
87.19,29.0,1
92.0,30.0,1
95.3,29.0,1
93.82,28.0,1
57.0,30.0,0
94.58,25.0,1
78.51,27.0,1
90.89,29.0,1
100.8,21.0,1
87.69,27.0,1
85.06,22.0,1
84.4,25.0,1
70.0,28.0,1
69.0,29.0,1
49.0,27.0,0
91.37,26.0,1
75.0,29.0,1
59.09,26.0,0
64.75,37.0,0
72.03,28.0,1
70.69,26.0,1
45.0,28.0,0
59.5,29.0,0
67.0,30.0,0
69.71000000000001,27.0,1
56.0,28.0,0
93.55,27.0,1
96.76,25.0,1
72.0,27.0,1
81.8,27.0,1
45.99,28.0,0
70.23,29.0,1
83.0,27.0,1
75.93,25.0,1
56.88,28.0,0
79.0,27.0,1
68.0,29.0,1
49.87,27.0,0
38.82,28.0,0
32.82,29.0,0
90.64,27.0,1
62.1,27.0,0
94.56,27.0,1
51.82,29.0,0
41.0,26.0,0
57.0,29.0,0
57.42,29.0,0
85.0,29.0,1
62.71,29.0,0
69.0,26.0,1
59.29,28.0,0
75.0,29.0,1
73.12,28.0,1
95.0,28.0,1
90.82,28.0,1
40.69,27.0,0
73.82,24.0,1
57.04,29.0,0
74.64,26.0,1
44.61,29.0,0
32.96,26.0,0
53.99,29.0,0
80.16,27.0,1
77.74,26.0,1
81.04,28.0,1
54.0,27.0,0
47.96,28.0,0
65.78,28.0,0
80.26,30.0,1
96.8,27.0,1
80.74,27.0,1
61.33,28.0,0
50.68,29.0,0
46.91,27.0,0
43.0,29.0,0
73.0,27.0,1
76.82,25.0,1
89.59,26.0,1
60.47,28.0,0
83.42,27.0,1
103.0,29.0,1
44.82,29.0,0
55.82,28.0,0
72.47,25.0,1
46.82,29.0,0
80.43,28.0,1
58.82,29.0,0
70.0,26.0,1
80.0,29.0,1
79.61,27.0,1
40.13,30.0,0
53.55,28.0,0
95.0,28.0,1
51.0,28.0,0
55.83,27.0,0
65.03999999999999,28.0,0
97.06,28.0,1
83.0,26.0,1
83.05,28.0,1
52.0,28.0,0
74.05,29.0,1
61.11,30.0,0
75.0,28.0,1
81.13,28.0,1
71.05,25.0,1
101.0,29.0,1
54.0,29.0,0
79.1,25.0,1
75.87,27.0,1
94.4,28.0,1
48.7,29.0,0
82.69,28.0,1
60.47,28.0,0
70.09,24.0,1
84.12,29.0,1
45.21,29.0,0
39.07,30.0,0
87.92,28.0,1
93.27,24.0,1
82.92,25.0,1
78.04,24.0,1
40.83,29.0,0
47.83,29.0,0
63.82,26.0,0
95.73,30.0,1
79.46,26.0,1
59.19,30.0,0
79.83,26.0,1
71.86,28.0,1
36.69,29.0,0
33.82,28.0,0
48.31,27.0,0
60.06,27.0,0
59.82,28.0,0
94.82,25.0,1
74.74,28.0,1
65.0,30.0,0
59.82,30.0,0
52.31,29.0,0
42.0,30.0,0
56.62,30.0,0
95.3,28.0,1
86.64,30.0,1
77.44,24.0,1
76.0,27.0,1
89.0,28.0,1
96.18,29.0,1
84.52,28.0,1
83.67,26.0,1
53.0,29.0,0
75.79,27.0,1
70.0,27.0,1
64.82,29.0,0
77.71,27.0,1
56.46,28.0,0
58.83,27.0,0
45.01,29.0,0
56.37,27.0,0
60.82,29.0,0
64.0,29.0,0
99.82,24.0,1
62.69,28.0,0
50.38,30.0,0
83.62,26.0,1
91.41,29.0,1
37.82,25.0,0
50.21,27.0,0
55.82,28.0,0
87.0,27.0,1
90.28,29.0,1
75.06,29.0,1
91.31,34.0,1
41.21,27.0,0
56.85,27.0,0
95.03,24.0,1
39.22,28.0,0
92.82,27.0,1
71.0,29.0,1
64.27000000000001,25.0,0
34.230000000000004,29.0,0
89.0,28.0,1
48.17,28.0,0
93.82,26.0,1
73.82,28.0,1
69.0,26.0,1
91.0,26.0,1
53.0,27.0,0
91.01,29.0,1
47.86,29.0,0
59.82,30.0,0
35.480000000000004,28.0,0
102.0,27.0,1
90.91,28.0,1
98.0,27.0,1
97.0,28.0,1
44.0,27.0,0
85.82,29.0,1
75.0,28.0,1
80.64,27.0,1
85.12,28.0,1
93.07,26.0,1
78.92,27.0,1
88.63,30.0,1
88.0,30.0,1
57.82,28.0,0
47.77,26.0,0
60.0,26.0,0
42.23,28.0,0
65.87,30.0,0
72.21,30.0,1
90.0,28.0,1
53.0,28.0,0
53.18,28.0,0
45.0,29.0,0
54.31,29.0,0
98.29,34.0,1
53.28,28.0,0
94.0,27.0,1
94.82,26.0,1
83.37,30.0,1
83.0,29.0,1
45.77,28.0,0
76.48,29.0,1
86.0,27.0,1
94.92,29.0,1
50.33,27.0,0
40.03,27.0,0
88.88,26.0,1
45.0,29.0,0
58.71,28.0,0
81.0,28.0,1
66.82,34.0,0
78.22,29.0,1
66.82,30.0,0
91.55,24.0,1
81.92,27.0,1
58.54,30.0,0
86.82,28.0,1
88.97,27.0,1
86.82,26.0,1
73.0,29.0,1
88.0,27.0,1
55.33,27.0,0
65.97,29.0,0
49.82,27.0,0
87.74,30.0,1
78.96,29.0,1
56.49,28.0,0
73.68,26.0,1
99.82,26.0,1
89.94,27.0,1
94.28,27.0,1
58.82,27.0,0
64.85,27.0,0
81.38,28.0,1
86.0,29.0,1
65.0,28.0,0
67.03999999999999,28.0,0
82.4,30.0,1
91.37,29.0,1
91.82,25.0,1
48.02,27.0,0
35.82,27.0,0
84.6,22.0,1
43.58,29.0,0
73.18,30.0,1
49.35,24.0,0
82.17,27.0,1
56.0,27.0,0
51.0,25.0,0
86.16,27.0,1
55.42,28.0,0
100.0,27.0,1
83.02,28.0,1
84.66,27.0,1
45.05,29.0,0
35.15,30.0,0
43.88,27.0,0
140.0,29.0,1
58.0,30.0,0
93.31,28.0,1
38.49,29.0,0
61.25,28.0,0
73.85,23.0,1
74.0,30.0,1
54.0,26.0,0
87.09,24.0,1
34.82,28.0,0
80.82,29.0,1
79.0,29.0,1
97.82,29.0,1
79.71,25.0,1
71.87,27.0,1
98.82,25.0,1
86.37,29.0,1
82.82,25.0,1
37.629999999999995,30.0,0
93.06,29.0,1
72.14,26.0,1
89.0,31.0,1
79.03,24.0,1
73.84,27.0,1
83.3,24.0,1
85.66,25.0,1
50.45,29.0,0
74.0,29.0,1
74.82,26.0,1
82.7,26.0,1
75.39,28.0,1
80.0,29.0,1
94.0,27.0,1
53.43,30.0,0
49.65,27.0,0
95.82,29.0,1
48.94,28.0,0
91.82,28.0,1
83.68,27.0,1
88.87,24.0,1
45.82,26.0,0
79.1,28.0,1
52.0,30.0,0
53.269999999999996,27.0,0
50.28,29.0,0
62.42,27.0,0
91.0,25.0,1
65.5,28.0,0
81.23,28.0,1
92.82,28.0,1
84.0,30.0,1
37.82,29.0,0
99.37,27.0,1
78.55,27.0,1
84.0,28.0,1
62.0,27.0,0
79.16,23.0,1
72.51,27.0,1
35.32,27.0,0
89.37,27.0,1
73.64,28.0,1
66.2,29.0,0
55.0,28.0,0
48.28,28.0,0
67.82,28.0,0
85.82,27.0,1
86.29,27.0,1
89.0,37.0,1
49.41,29.0,0
58.58,26.0,0
40.87,27.0,0
43.26,29.0,0
90.0,27.0,1
79.37,25.0,1
62.82,29.0,0
73.26,30.0,1
57.32,29.0,0
71.0,27.0,1
82.0,27.0,1
47.29,27.0,0
64.18,26.0,0
80.83,29.0,1
73.68,28.0,1
85.48,27.0,1
54.6,28.0,0
101.0,27.0,1
53.0,28.0,0
88.0,27.0,1
96.0,28.0,1
75.0,25.0,1
97.0,28.0,1
92.7,27.0,1
73.0,28.0,1
92.05,27.0,1
35.82,28.0,0
73.71,30.0,1
77.09,30.0,1
97.28,27.0,1
75.82,29.0,1
46.46,30.0,0
73.06,29.0,1
77.31,29.0,1
40.0,29.0,0
54.0,29.0,0
81.82,26.0,1
53.0,28.0,0
83.0,28.0,1
69.79,28.0,1
82.14,29.0,1
81.82,27.0,1
87.83,27.0,1
81.74,29.0,1
40.92,28.0,0
50.49,26.0,0
75.09,24.0,1
97.0,27.0,1
68.08,30.0,1
96.43,27.0,1
42.87,27.0,0
55.19,29.0,0
51.0,28.0,0
43.89,28.0,0
98.0,27.0,1
78.63,23.0,1
84.74,26.0,1
81.92,29.0,1
67.16,27.0,0
42.43,28.0,0
85.03,29.0,1
86.31,26.0,1
31.46,28.0,0
74.48,27.0,1
84.73,25.0,1
85.0,32.0,1
90.05,26.0,1
40.37,30.0,0
71.11,27.0,1
47.0,29.0,0
74.0,29.0,1
71.0,29.0,1
76.67,29.0,1
81.82,27.0,1
54.82,30.0,0
89.05,29.0,1
37.82,28.0,0
56.3,27.0,0
93.12,27.0,1
59.31,29.0,0
41.89,28.0,0
42.0,29.0,0
76.0,26.0,1
73.7,30.0,1
90.82,28.0,1
69.77000000000001,27.0,1
83.16,25.0,1
43.53,35.0,0
83.96,28.0,1
59.06,25.0,0
67.43,27.0,0
73.34,26.0,1
85.89,29.0,1
51.0,28.0,0
98.43,25.0,1
55.28,28.0,0
77.0,29.0,1
41.0,28.0,0
89.06,25.0,1
93.28,23.0,1
46.0,29.0,0
48.66,26.0,0
95.81,23.0,1
63.82,27.0,0
52.84,28.0,0
78.82,27.0,1
31.89,29.0,0
46.16,30.0,0
44.0,26.0,0
73.0,27.0,1
89.74,27.0,1
89.38,28.0,1
69.84,27.0,1
56.82,27.0,0
75.64,26.0,1
51.0,29.0,0
54.36,28.0,0
42.55,28.0,0
74.82,28.0,1
52.92,29.0,0
78.8,29.0,1
80.06,28.0,1
61.8,26.0,0
84.0,28.0,1
91.73,27.0,1
57.0,27.0,0
60.0,30.0,0
83.28,29.0,1
46.49,28.0,0
62.61,26.0,0
51.0,30.0,0
89.82,29.0,1
71.82,28.0,1
50.18,27.0,0
83.0,29.0,1
43.12,28.0,0
58.93,30.0,0
30.99,30.0,0
51.0,30.0,0
76.56,31.0,1
61.48,30.0,0
97.0,23.0,1
94.28,26.0,1
81.05,42.0,1
85.04,28.0,1
53.27,30.0,0
52.63,26.0,0
49.27,29.0,0
81.88,27.0,1
58.13,26.0,0
78.03,28.0,1
73.39,29.0,1
65.0,29.0,0
82.82,28.0,1
54.0,29.0,0
75.55,23.0,1
89.31,26.0,1
70.82,29.0,1
50.09,26.0,0
70.82,27.0,1
93.82,28.0,1
33.69,27.0,0
69.71000000000001,29.0,1
63.0,27.0,0
86.0,30.0,1
80.92,30.0,1
37.480000000000004,29.0,0
84.82,27.0,1
100.0,25.0,1
100.58,26.0,1
62.0,30.0,0
73.0,29.0,1
87.82,30.0,1
58.82,28.0,0
67.41,27.0,0
37.42,28.0,0
43.0,26.0,0
41.82,30.0,0
77.0,27.0,1
78.36,27.0,1
97.0,29.0,1
81.56,29.0,1
42.79,28.0,0
72.0,29.0,1
93.69,27.0,1
86.66,23.0,1
85.82,25.0,1
55.72,27.0,0
51.58,27.0,0
74.14,29.0,1
80.0,28.0,1
52.0,29.0,0
57.0,29.0,0
78.94,25.0,1
88.14,22.0,1
70.85,28.0,1
98.0,27.0,1
77.13,30.0,1
60.0,27.0,0
56.74,28.0,0
62.82,25.0,0
44.86,27.0,0
63.0,29.0,0
99.0,27.0,1
70.0,29.0,1
43.88,29.0,0
83.0,27.0,1
74.82,29.0,1
34.19,29.0,0
77.16,27.0,1
81.3,28.0,1
91.62,29.0,1
92.0,23.0,1
51.33,28.0,0
94.0,27.0,1
44.97,27.0,0
84.0,30.0,1
52.08,28.0,0
92.89,23.0,1
67.0,29.0,0
76.0,28.0,1
46.97,29.0,0
72.86,29.0,1
74.04,28.0,1
72.0,28.0,1
87.75,27.0,1
84.21,25.0,1
44.82,29.0,0
46.52,29.0,0
33.79,30.0,0
88.0,27.0,1
44.96,28.0,0
53.82,26.0,0
66.0,29.0,0
60.0,30.0,0
87.57,27.0,1
74.0,30.0,1
65.0,28.0,0
83.95,28.0,1
93.38,26.0,1
68.0,27.0,1
92.56,27.0,1
59.0,28.0,0
60.61,27.0,0
62.0,29.0,0
90.81,26.0,1
93.16,26.0,1
84.55,27.0,1
92.82,27.0,1
56.08,28.0,0
42.15,30.0,0
83.51,26.0,1
88.4,29.0,1
58.0,26.0,0
63.0,28.0,0
77.1,29.0,1
85.0,27.0,1
47.58,27.0,0
51.49,29.0,0
81.44,27.0,1
89.73,26.0,1
80.0,30.0,1
69.47,29.0,1
64.0,28.0,0
37.95,30.0,0
86.82,28.0,1
67.7,40.0,0
96.38,30.0,1
84.0,26.0,1
92.02,24.0,1
61.74,28.0,0
46.0,29.0,0
83.0,28.0,1
82.46,28.0,1
95.68,28.0,1
45.0,28.0,0
93.0,26.0,1
58.47,27.0,0
43.62,29.0,0
60.42,28.0,0
82.82,27.0,1
91.19,27.0,1
67.14,27.0,0
78.83,29.0,1
95.0,27.0,1
91.0,28.0,1
48.64,30.0,0
55.82,29.0,0
43.0,40.0,0
49.82,30.0,0
93.11,28.0,1
57.0,30.0,0
48.82,39.0,0
78.31,33.0,1
54.82,28.0,0
94.29,21.0,1
102.31,28.0,1
64.37,30.0,0
46.0,29.0,0
54.0,29.0,0
37.15,28.0,0
69.4,26.0,1
92.43,26.0,1
102.0,30.0,1
78.66,24.0,1
69.28,29.0,1
59.06,27.0,0
70.48,36.0,1
76.97,26.0,1
92.42,28.0,1
56.46,28.0,0
62.71,28.0,0
66.11,27.0,0
90.0,29.0,1
74.27,25.0,1
54.82,29.0,0
55.44,27.0,0
82.0,27.0,1
81.36,25.0,1
87.68,25.0,1
64.47,28.0,0
57.78,28.0,0
70.0,29.0,1
72.46,28.0,1
39.0,28.0,0
80.0,30.0,1
81.82,28.0,1
94.97,29.0,1
66.24000000000001,29.0,0
70.82,28.0,1
95.03,26.0,1
86.82,27.0,1
84.28,28.0,1
41.28,27.0,0
96.82,26.0,1
88.39,28.0,1
63.82,27.0,0
40.0,29.0,0
74.82,29.0,1
166.82,29.0,1
99.8,28.0,1
42.31,29.0,0
52.78,28.0,0
48.01,28.0,0
52.36,27.0,0
94.53,25.0,1
46.95,27.0,0
96.61,27.0,1
53.82,28.0,0
77.0,29.0,1
94.82,28.0,1
89.0,23.0,1
60.0,29.0,0
39.74,27.0,0
47.13,30.0,0
34.84,28.0,0
46.0,37.0,0
56.94,29.0,0
82.0,30.0,1
52.59,26.0,0
49.0,29.0,0
73.82,30.0,1
34.19,29.0,0
61.82,27.0,0
82.0,30.0,1
48.0,29.0,0
58.97,29.0,0
80.82,26.0,1
80.64,28.0,1
99.0,29.0,1
72.05,28.0,1
55.52,29.0,0
60.0,28.0,0
101.0,26.0,1
83.54,30.0,1
46.0,28.0,0
78.58,27.0,1
81.82,30.0,1
78.7,29.0,1
85.91,25.0,1
47.0,29.0,0
95.8,28.0,1
84.0,27.0,1
44.82,28.0,0
58.82,28.0,0
47.43,28.0,0
96.29,28.0,1
95.0,24.0,1
85.34,23.0,1
89.82,28.0,1
97.82,29.0,1
46.269999999999996,28.0,0
66.43,21.0,0
31.89,30.0,0
93.53,28.0,1
85.03,28.0,1
35.82,29.0,0
93.64,27.0,1
51.06,28.0,0
75.98,28.0,1
80.0,28.0,1
90.01,29.0,1
62.0,29.0,0
70.0,28.0,1
70.82,28.0,1
98.92,30.0,1
89.06,28.0,1
66.66,24.0,0
53.65,27.0,0
55.84,28.0,0
90.46,29.0,1
94.82,27.0,1
80.0,26.0,1
39.019999999999996,29.0,0
72.0,28.0,1
83.43,30.0,1
93.68,25.0,1
47.0,28.0,0
58.0,28.0,0
96.92,28.0,1
40.47,29.0,0
95.88,27.0,1
42.04,28.0,0
91.0,25.0,1
90.18,25.0,1
91.58,26.0,1
69.0,25.0,1
39.879999999999995,28.0,0
85.99,29.0,1
94.0,28.0,1
76.52,29.0,1
71.78,27.0,1
83.71,26.0,1
104.0,26.0,1
73.0,29.0,1
40.82,30.0,0
39.0,29.0,0
65.71000000000001,28.0,0
63.0,28.0,0
59.74,29.0,0
81.87,25.0,1
95.78,23.0,1
79.26,25.0,1
105.88,29.0,1
92.82,28.0,1
92.03,29.0,1
46.8,30.0,0
51.25,29.0,0
80.53,28.0,1
89.74,28.0,1
47.29,28.0,0
80.64,29.0,1
92.66,25.0,1
69.78999999999999,29.0,1
57.93,28.0,0
76.82,24.0,1
96.82,27.0,1
95.0,27.0,1
80.62,23.0,1
51.05,29.0,0
67.52000000000001,28.0,0
37.82,29.0,0
53.06,30.0,0
53.16,27.0,0
57.01,30.0,0
77.19,29.0,1
84.0,26.0,1
78.82,27.0,1
69.0,27.0,1
76.0,28.0,1
78.62,25.0,1
60.05,30.0,0
64.0,28.0,0
70.4,28.0,1
42.91,28.0,0
89.1,24.0,1
73.77,27.0,1
32.269999999999996,27.0,0
97.82,26.0,1
93.17,27.0,1
80.34,28.0,1
41.06,29.0,0
48.0,28.0,0
40.7,30.0,0
74.96,29.0,1
57.0,31.0,0
56.0,30.0,0
58.5,30.0,0
83.32,27.0,1
52.39,29.0,0
93.0,28.0,1
94.0,33.0,1
79.82,29.0,1
47.68,29.0,0
88.14,30.0,1
66.6,30.0,0
82.86,27.0,1
95.37,29.0,1
68.78999999999999,25.0,1
54.04,28.0,0
59.33,29.0,0
84.29,25.0,1
97.0,28.0,1
37.84,28.0,0
57.0,27.0,0
38.3,28.0,0
62.82,29.0,0
95.0,35.0,1
91.71,27.0,1
79.39,28.0,1
99.61,28.0,1
99.0,28.0,1
91.44,24.0,1
74.06,25.0,1
63.32,26.0,0
80.58,26.0,1
36.06,29.0,0
82.82,28.0,1
42.39,28.0,0
64.61,29.0,0
86.82,28.0,1
86.16,28.0,1
76.0,29.0,1
86.77,26.0,1
50.0,28.0,0
82.75,28.0,1
95.0,28.0,1
75.26,22.0,1
91.65,27.0,1
62.82,24.0,0
80.71,29.0,1
86.76,23.0,1
92.0,28.0,1
70.82,29.0,1
60.74,28.0,0
48.56,29.0,0
84.55,25.0,1
56.9,29.0,0
38.82,28.0,0
86.46,25.0,1
71.0,26.0,1
59.57,27.0,0
84.0,28.0,1
54.77,29.0,0
84.73,28.0,1
63.0,28.0,0
45.82,28.0,0
51.04,29.0,0
90.36,34.0,1
46.0,28.0,0
65.82,26.0,0
65.94,27.0,0
44.82,29.0,0
80.12,30.0,1
90.68,24.0,1
97.0,28.0,1
79.0,26.0,1
62.62,30.0,0
40.69,26.0,0
64.69,26.0,0
90.08,26.0,1
59.46,29.0,0
92.51,28.0,1
45.0,29.0,0
57.08,28.0,0
78.0,27.0,1
86.35,30.0,1
75.46,30.0,1
67.92,28.0,1
71.02,29.0,1
100.0,27.0,1
42.3,29.0,0
61.13,27.0,0
70.42,28.0,1
42.82,30.0,0
63.08,28.0,0
96.28,25.0,1
79.44,28.0,1
106.0,26.0,1
68.00999999999999,26.0,1
52.82,29.0,0
89.0,26.0,1
66.66,27.0,0
59.37,28.0,0
87.96,25.0,1
88.64,27.0,1
78.33,27.0,1
65.25,26.0,0
94.0,27.0,1
40.0,30.0,0
45.77,28.0,0
65.0,28.0,0
35.14,29.0,0
98.08,29.0,1
33.769999999999996,29.0,0
78.91,28.0,1
49.0,28.0,0
42.82,29.0,0
60.52,26.0,0
43.18,29.0,0
95.82,27.0,1
81.0,27.0,1
32.28,28.0,0
41.45,26.0,0
93.48,26.0,1
74.82,29.0,1
62.82,28.0,0
86.82,27.0,1
86.0,27.0,1
68.17,30.0,1
31.69,30.0,0
57.8,27.0,0
65.32,29.0,0
74.82,28.0,1
96.09,26.0,1
80.24,26.0,1
63.83,29.0,0
77.82,26.0,1
76.8,30.0,1
78.05,25.0,1
59.76,27.0,0
53.91,29.0,0
70.82,26.0,1
74.82,30.0,1
64.78999999999999,27.0,0
57.94,29.0,0
86.0,28.0,1
89.0,26.0,1
72.61,30.0,1
85.0,28.0,1
77.31,28.0,1
89.64,30.0,1
86.82,29.0,1
92.42,24.0,1
64.77000000000001,29.0,0
82.22,28.0,1
79.17,29.0,1
53.82,27.0,0
42.82,26.0,0
83.82,29.0,1
73.43,30.0,1
42.15,29.0,0
71.49000000000001,29.0,1
88.28,26.0,1
77.99,27.0,1
61.99,30.0,0
59.0,27.0,0
72.22999999999999,29.0,1
87.7,28.0,1
72.47,28.0,1
90.82,30.0,1
99.0,27.0,1
79.0,27.0,1
77.87,35.0,1
50.53,27.0,0
32.82,30.0,0
90.13,29.0,1
78.0,29.0,1
100.82,24.0,1
51.82,29.0,0
47.4,28.0,0
90.96,35.0,1
47.64,29.0,0
74.72,27.0,1
81.0,30.0,1
96.64,27.0,1
67.78,28.0,0
46.56,28.0,0
60.32,28.0,0
38.66,29.0,0
67.53,29.0,0
59.0,28.0,0
89.13,27.0,1
83.49,30.0,1
64.82,29.0,0
67.9,28.0,1
92.09,24.0,1
75.74,25.0,1
93.88,21.0,1
49.12,26.0,0
76.05,29.0,1
83.9,28.0,1
36.879999999999995,29.0,0
53.0,28.0,0
102.0,27.0,1
81.59,30.0,1
78.13,28.0,1
95.82,27.0,1
87.09,25.0,1
76.16,28.0,1
74.98,27.0,1
64.61,26.0,0
83.82,29.0,1
55.41,29.0,0
53.02,25.0,0
77.0,29.0,1
58.82,27.0,0
57.0,27.0,0
89.17,27.0,1
53.46,30.0,0
93.82,26.0,1
94.0,29.0,1
58.52,27.0,0
56.85,28.0,0
33.32,30.0,0
42.09,29.0,0
81.04,29.0,1
94.82,29.0,1
42.6,29.0,0
52.54,29.0,0
39.82,29.0,0
49.31,29.0,0
57.1,29.0,0
94.0,29.0,1
70.56,30.0,1
80.24,28.0,1
60.99,27.0,0
87.64,24.0,1
81.87,26.0,1
89.0,27.0,1
86.0,27.0,1
92.49,26.0,1
83.44,28.0,1
72.05,29.0,1
33.0,30.0,0
73.1,23.0,1
82.0,30.0,1
59.94,29.0,0
94.17,28.0,1
82.06,29.0,1
69.42,27.0,1
46.57,29.0,0
75.01,27.0,1
80.82,30.0,1
62.82,27.0,0
82.74,28.0,1
40.22,29.0,0
52.09,26.0,0
66.96000000000001,27.0,0
82.04,29.0,1
61.0,26.0,0
87.82,30.0,1
56.82,27.0,0
91.0,27.0,1
76.0,28.0,1
49.55,28.0,0
68.84,30.0,1
47.88,27.0,0
46.35,29.0,0
53.12,28.0,0
47.8,27.0,0
98.0,26.0,1
76.01,28.0,1
54.93,26.0,0
88.0,28.0,1
89.91,24.0,1
71.0,29.0,1
90.16,25.0,1
92.0,27.0,1
59.25,27.0,0
60.82,23.0,0
45.67,27.0,0
94.47,29.0,1
41.52,29.0,0
79.82,28.0,1
82.0,29.0,1
93.82,26.0,1
76.0,28.0,1
33.8,28.0,0
83.13,26.0,1
39.24,29.0,0
57.74,30.0,0
71.0,28.0,1
55.31,29.0,0
53.39,29.0,0
85.16,25.0,1
47.0,28.0,0
37.74,28.0,0
54.77,26.0,0
92.04,26.0,1
53.96,29.0,0
77.77,29.0,1
75.82,36.0,1
41.44,28.0,0
35.46,29.0,0
81.11,27.0,1
92.0,27.0,1
45.32,29.0,0
79.62,29.0,1
44.53,28.0,0
90.82,29.0,1
65.82,30.0,0
61.62,30.0,0
77.0,28.0,1
89.5,28.0,1
86.0,28.0,1
40.95,29.0,0
66.75999999999999,29.0,0
66.75,26.0,0
75.38,26.0,1
65.03999999999999,29.0,0
60.32,26.0,0
81.0,26.0,1
47.03,30.0,0
74.0,28.0,1
59.0,29.0,0
90.55,28.0,1
95.06,27.0,1
55.0,29.0,0
38.21,28.0,0
94.05,24.0,1
45.74,27.0,0
97.69,24.0,1
95.49,24.0,1
36.72,29.0,0
62.0,28.0,0
86.44,28.0,1
73.14,25.0,1
85.85,26.0,1
33.82,29.0,0
56.91,28.0,0
82.24,26.0,1
57.87,26.0,0
62.88,30.0,0
67.1,25.0,0
48.0,28.0,0
85.82,26.0,1
83.0,25.0,1
60.0,28.0,0
42.82,28.0,0
98.0,27.0,1
57.82,27.0,0
85.1,28.0,1
91.65,27.0,1
61.95,29.0,0
73.0,29.0,1
68.78,27.0,1
95.82,27.0,1
79.32,28.0,1
59.83,30.0,0
78.69,28.0,1
66.31,34.0,0
69.99000000000001,28.0,1
47.03,27.0,0
76.36,29.0,1
39.82,29.0,0
76.82,29.0,1
86.72,27.0,1
37.59,29.0,0
84.17,28.0,1
33.71,28.0,0
91.84,27.0,1
60.87,25.0,0
46.3,27.0,0
90.82,28.0,1
56.78,28.0,0
76.82,29.0,1
91.82,28.0,1
94.0,29.0,1
94.0,35.0,1
50.0,28.0,0
50.75,27.0,0
86.17,21.0,1
47.71,29.0,0
63.82,28.0,0
56.58,30.0,0
93.54,36.0,1
70.45,28.0,1
75.34,27.0,1
59.58,29.0,0
87.0,24.0,1
80.0,24.0,1
84.52,29.0,1
56.51,30.0,0
90.84,28.0,1
75.0,29.0,1
91.0,26.0,1
86.0,27.0,1
56.0,28.0,0
45.82,28.0,0
90.28,28.0,1
40.85,29.0,0
55.32,28.0,0
84.18,32.0,1
134.82,28.0,1
88.55,27.0,1
95.0,28.0,1
50.61,26.0,0
47.42,30.0,0
58.08,28.0,0
42.02,29.0,0
71.73,28.0,1
80.84,28.0,1
90.82,28.0,1
94.06,26.0,1
90.28,28.0,1
85.0,27.0,1
84.42,28.0,1
94.75,27.0,1
86.0,26.0,1
34.86,28.0,0
43.55,28.0,0
91.0,27.0,1
87.31,23.0,1
82.74,33.0,1
77.0,28.0,1
43.5,30.0,0
60.12,25.0,0
67.03,29.0,0
77.66,30.0,1
83.92,28.0,1
49.0,30.0,0
87.89,27.0,1
82.62,26.0,1
41.04,29.0,0
85.18,28.0,1
37.29,28.0,0
57.6,29.0,0
69.06,24.0,1
53.0,27.0,0
73.0,27.0,1
44.71,25.0,0
57.67,29.0,0
45.56,30.0,0
44.0,28.0,0
54.0,28.0,0
72.0,30.0,1
91.0,24.0,1
77.84,27.0,1
69.0,26.0,1
93.0,29.0,1
33.09,29.0,0
82.0,29.0,1
88.24,29.0,1
46.42,28.0,0
71.0,27.0,1
68.0,30.0,1
88.4,27.0,1
88.0,28.0,1
88.82,26.0,1
72.0,28.0,1
45.63,30.0,0
85.82,32.0,1
43.0,30.0,0
89.97,24.0,1
86.82,26.0,1
39.31,30.0,0
41.09,27.0,0
78.0,27.0,1
51.28,35.0,0
88.0,28.0,1
68.22999999999999,23.0,1
84.0,28.0,1
49.19,29.0,0
82.0,28.0,1
51.31,29.0,0
53.56,28.0,0
77.66,32.0,1
94.92,27.0,1
53.98,28.0,0
69.0,28.0,1
48.0,28.0,0
91.89,24.0,1
103.12,29.0,1
53.0,28.0,0
77.82,29.0,1
66.95,30.0,0
48.0,27.0,0
70.72,40.0,1
95.4,28.0,1
66.34,27.0,0
38.0,28.0,0
59.68,26.0,0
91.07,27.0,1
74.3,25.0,1
74.96,27.0,1
42.0,30.0,0
36.4,26.0,0
63.0,28.0,0
39.94,27.0,0
73.3,28.0,1
49.16,27.0,0
40.73,27.0,0
58.25,28.0,0
87.97,29.0,1
62.29,27.0,0
84.0,27.0,1
92.72,27.0,1
39.49,30.0,0
56.82,27.0,0
79.56,27.0,1
99.8,21.0,1
63.39,28.0,0
79.1,28.0,1
143.82,27.0,1
90.0,22.0,1
71.96000000000001,26.0,1
71.0,27.0,1
80.0,29.0,1
78.82,25.0,1
61.0,28.0,0
38.82,28.0,0
83.75,30.0,1
79.97,25.0,1
91.04,30.0,1
108.0,29.0,1
87.72,30.0,1
36.39,28.0,0
46.82,28.0,0
107.0,28.0,1
48.05,28.0,0
71.79,30.0,1
43.04,30.0,0
80.26,29.0,1
83.32,27.0,1
47.21,27.0,0
68.66,28.0,1
39.0,29.0,0
54.0,30.0,0
68.0,28.0,1
60.0,29.0,0
95.23,25.0,1
92.2,24.0,1
84.13,24.0,1
70.46000000000001,28.0,1
87.93,27.0,1
74.0,28.0,1
75.21,27.0,1
133.8,26.0,1
79.87,28.0,1
91.0,27.0,1
88.23,28.0,1
43.36,26.0,0
96.82,26.0,1
82.82,27.0,1
64.8,28.0,0
73.0,28.0,1
84.0,29.0,1
54.85,27.0,0
79.4,29.0,1
60.09,26.0,0
84.0,27.0,1
81.01,27.0,1
74.69,26.0,1
44.01,26.0,0
36.769999999999996,28.0,0
38.3,29.0,0
37.82,28.0,0
87.0,26.0,1
94.0,28.0,1
39.68,28.0,0
57.56,29.0,0
67.78,28.0,0
82.33,28.0,1
39.04,30.0,0
62.0,27.0,0
66.46000000000001,36.0,0
86.0,25.0,1
78.96,30.0,1
78.43,29.0,1
45.41,29.0,0
84.62,28.0,1
91.71,27.0,1
39.85,27.0,0
66.0,27.0,0
75.0,27.0,1
47.85,29.0,0
45.1,29.0,0
76.04,27.0,1
49.47,29.0,0
42.57,28.0,0
82.56,24.0,1
85.43,28.0,1
49.54,24.0,0
37.47,29.0,0
46.82,29.0,0
81.0,28.0,1
50.0,29.0,0
61.77,27.0,0
50.82,28.0,0
82.82,26.0,1
88.0,28.0,1
98.23,28.0,1
41.68,26.0,0
89.0,27.0,1
94.28,27.0,1
99.0,26.0,1
80.46,27.0,1
59.0,29.0,0
65.0,27.0,0
79.82,28.0,1
84.15,25.0,1
46.82,27.0,0
48.33,29.0,0
65.0,25.0,0
37.44,28.0,0
88.0,26.0,1
65.53999999999999,30.0,0
101.72,30.0,1
91.87,27.0,1
52.42,28.0,0
36.989999999999995,29.0,0
65.08,30.0,0
42.0,29.0,0
95.82,25.0,1
49.0,27.0,0
51.87,29.0,0
77.97,24.0,1
77.53,29.0,1
71.21,28.0,1
80.25,27.0,1
90.8,29.0,1
56.77,30.0,0
78.0,27.0,1
81.0,27.0,1
76.0,29.0,1
59.82,29.0,0
95.28,28.0,1
50.17,30.0,0
95.34,27.0,1
86.91,29.0,1
64.82,25.0,0
77.71,26.0,1
49.0,29.0,0
73.94,29.0,1
69.78999999999999,28.0,1
98.82,27.0,1
96.33,27.0,1
37.4,28.0,0
71.0,30.0,1
83.0,29.0,1
80.82,28.0,1
54.35,26.0,0
46.0,28.0,0
64.0,28.0,0
84.51,25.0,1
56.34,27.0,0
40.94,27.0,0
98.8,28.0,1
64.47999999999999,27.0,0
60.6,29.0,0
61.13,25.0,0
58.09,30.0,0
48.95,27.0,0
87.2,26.0,1
41.51,26.0,0
95.82,28.0,1
30.03,29.0,0
72.93,27.0,1
84.18,28.0,1
75.88,30.0,1
75.22,30.0,1
57.83,29.0,0
81.0,28.0,1
93.0,26.0,1
71.86,27.0,1
79.21,28.0,1
83.76,27.0,1
92.82,26.0,1
73.47,28.0,1
56.3,28.0,0
73.66,26.0,1
60.37,30.0,0
79.0,27.0,1
94.58,25.0,1
95.31,29.0,1
79.0,29.0,1
77.95,29.0,1
63.0,29.0,0
81.04,26.0,1
46.0,28.0,0
66.0,28.0,0
70.87,27.0,1
69.99000000000001,29.0,1
68.94,28.0,1
76.0,29.0,1
98.82,31.0,1
36.05,28.0,0
48.0,28.0,0
82.86,26.0,1
94.82,26.0,1
53.74,30.0,0
56.98,30.0,0
83.0,25.0,1
70.75999999999999,28.0,1
37.79,28.0,0
62.57,28.0,0
53.0,29.0,0
34.68,27.0,0
82.82,26.0,1
59.5,28.0,0
39.82,29.0,0
78.0,26.0,1
42.82,29.0,0
42.0,29.0,0
75.64,34.0,1
58.63,30.0,0
55.26,28.0,0
76.0,30.0,1
87.0,26.0,1
53.59,30.0,0
82.0,30.0,1
78.0,29.0,1
67.77,28.0,0
95.0,26.0,1
74.0,27.0,1
84.0,29.0,1
70.69,29.0,1
35.2,25.0,0
75.1,28.0,1
84.02,28.0,1
46.86,28.0,0
74.79,26.0,1
49.0,29.0,0
89.0,27.0,1
73.57,26.0,1
39.230000000000004,29.0,0
97.23,25.0,1
87.95,29.0,1
41.8,28.0,0
88.82,27.0,1
93.44,24.0,1
85.27,29.0,1
45.0,29.0,0
83.0,29.0,1
45.34,28.0,0
62.48,29.0,0
95.72,24.0,1
82.82,36.0,1
47.0,26.0,0
79.44,28.0,1
79.7,28.0,1
93.0,24.0,1
54.76,29.0,0
34.47,29.0,0
81.82,28.0,1
48.82,29.0,0
49.82,26.0,0
54.31,29.0,0
59.17,28.0,0
36.74,29.0,0
81.0,27.0,1
83.8,30.0,1
71.32,29.0,1
86.71,36.0,1
93.0,28.0,1
91.0,29.0,1
66.0,29.0,0
50.1,29.0,0
54.82,27.0,0
58.82,30.0,0
66.03999999999999,27.0,0
88.81,24.0,1
81.58,35.0,1
54.82,27.0,0
58.47,28.0,0
37.69,27.0,0
85.82,25.0,1
93.46,26.0,1
31.42,30.0,0
75.96000000000001,30.0,1
61.38,29.0,0
96.54,28.0,1
96.8,27.0,1
90.9,25.0,1
100.82,26.0,1
90.14,27.0,1
89.82,24.0,1
78.0,26.0,1
97.14,27.0,1
86.75,28.0,1
82.27,27.0,1
45.0,29.0,0
86.82,29.0,1
68.03999999999999,28.0,1
73.02,30.0,1
101.82,25.0,1
66.25,28.0,0
49.0,28.0,0
92.57,27.0,1
83.0,28.0,1
84.0,29.0,1
54.0,30.0,0
69.33,26.0,1
95.67,27.0,1
80.4,26.0,1
65.41,27.0,0
32.47,26.0,0
90.06,24.0,1
96.82,27.0,1
52.85,27.0,0
49.44,29.0,0
46.84,29.0,0
102.51,26.0,1
67.0,26.0,0
72.14,27.0,1
78.1,28.0,1
79.78,27.0,1
75.46,29.0,1
85.92,29.0,1
57.82,29.0,0
36.71,28.0,0
58.82,29.0,0
54.68,28.0,0
84.0,28.0,1
82.0,29.0,1
62.37,26.0,0
56.0,29.0,0
88.88,26.0,1
60.4,28.0,0
85.78,29.0,1
73.82,25.0,1
62.82,25.0,0
96.82,29.0,1
90.8,28.0,1
94.44,24.0,1
48.37,29.0,0
84.0,26.0,1
60.76,30.0,0
71.74000000000001,25.0,1
47.98,29.0,0
98.8,29.0,1
96.06,28.0,1
74.0,28.0,1
78.54,27.0,1
51.78,28.0,0
74.0,28.0,1
56.0,30.0,0
77.17,26.0,1
73.75,25.0,1
56.13,29.0,0
67.69,25.0,0
51.0,28.0,0
47.62,29.0,0
79.82,27.0,1
91.28,27.0,1
70.62,28.0,1
39.82,28.0,0
92.28,25.0,1
44.08,29.0,0
38.75,29.0,0
72.1,36.0,1
73.31,28.0,1
83.0,27.0,1
45.0,28.0,0
74.49,28.0,1
73.0,30.0,1
44.0,28.0,0
88.0,29.0,1
91.12,27.0,1
62.0,28.0,0
101.0,27.0,1
97.3,25.0,1
46.0,29.0,0
37.68,29.0,0
72.82,29.0,1
53.32,28.0,0
45.05,30.0,0
56.42,30.0,0
74.45,29.0,1
81.3,28.0,1
97.0,30.0,1
70.0,26.0,1
96.38,29.0,1
67.53,26.0,0
86.51,30.0,1
53.14,30.0,0
46.82,26.0,0
39.01,29.0,0
103.0,26.0,1
86.0,28.0,1
40.82,28.0,0
85.43,26.0,1
78.93,28.0,1
46.02,29.0,0
82.74,28.0,1
44.33,30.0,0
53.65,28.0,0
60.74,27.0,0
64.0,28.0,0
84.67,30.0,1
38.379999999999995,29.0,0
57.13,29.0,0
77.82,29.0,1
87.82,28.0,1
94.82,29.0,1
88.69,29.0,1
61.47,25.0,0
55.12,30.0,0
47.82,27.0,0
56.94,30.0,0
82.92,30.0,1
77.0,27.0,1
63.0,30.0,0
41.0,29.0,0
79.0,27.0,1
85.28,28.0,1
60.55,29.0,0
94.82,26.0,1
82.94,29.0,1
79.47,28.0,1
44.32,29.0,0
64.46000000000001,30.0,0
94.19,36.0,1
80.46,29.0,1
75.0,29.0,1
65.66,28.0,0
81.82,26.0,1
57.78,28.0,0
83.0,29.0,1
71.03,28.0,1
99.28,25.0,1
42.6,28.0,0
87.0,29.0,1
85.82,26.0,1
80.0,26.0,1
68.82,29.0,1
82.92,28.0,1
69.8,29.0,1
98.0,29.0,1
76.0,28.0,1
67.69,28.0,0
38.47,29.0,0
92.36,27.0,1
53.43,29.0,0
40.43,28.0,0
42.62,33.0,0
83.53,27.0,1
90.99,24.0,1
61.26,30.0,0
46.66,29.0,0
76.43,27.0,1
51.0,27.0,0
73.16,29.0,1
73.43,23.0,1
80.0,28.0,1
90.15,29.0,1
58.67,30.0,0
81.82,25.0,1
57.58,29.0,0
72.47,29.0,1
53.82,29.0,0
98.75,23.0,1
55.06,27.0,0
91.28,28.0,1
72.31,29.0,1
46.13,26.0,0
48.0,26.0,0
95.82,27.0,1
70.82,28.0,1
89.28,27.0,1
75.82,27.0,1
54.0,29.0,0
82.0,28.0,1
85.41,29.0,1
70.22999999999999,28.0,1
64.0,27.0,0
74.0,29.0,1
70.28999999999999,27.0,1
67.0,29.0,0
63.0,29.0,0
88.82,28.0,1
40.28,28.0,0
102.46,23.0,1
42.31,29.0,0
65.43,30.0,0
51.82,28.0,0
95.94,28.0,1
71.1,25.0,1
76.57,30.0,1
80.0,29.0,1
82.3,29.0,1
64.0,29.0,0
60.0,28.0,0
88.0,29.0,1
62.85,28.0,0
80.82,30.0,1
61.26,29.0,0
98.0,27.0,1
94.42,30.0,1
62.33,29.0,0
40.03,28.0,0
54.06,29.0,0
88.78,26.0,1
80.0,28.0,1
72.02,28.0,1
94.02,29.0,1
87.23,28.0,1
80.71,25.0,1
94.32,19.0,1
53.82,30.0,0
72.72,27.0,1
64.42,27.0,0
33.879999999999995,30.0,0
51.82,29.0,0
52.82,28.0,0
78.0,27.0,1
75.0,27.0,1
76.0,29.0,1
91.99,26.0,1
86.0,26.0,1
66.06,27.0,0
78.06,26.0,1
51.82,30.0,0
62.03,29.0,0
46.75,28.0,0
65.52000000000001,29.0,0
41.35,29.0,0
62.0,29.0,0
67.03,27.0,0
74.00999999999999,29.0,1
94.0,27.0,1
73.47,33.0,1
71.82,27.0,1
75.0,29.0,1
83.88,28.0,1
78.55,26.0,1
40.82,26.0,0
45.82,28.0,0
65.82,28.0,0
95.82,28.0,1
77.52,29.0,1
40.04,30.0,0
100.7,28.0,1
67.0,30.0,0
50.66,28.0,0
68.92,27.0,1
78.82,29.0,1
88.0,28.0,1
58.0,30.0,0
35.24,28.0,0
81.0,28.0,1
53.26,30.0,0
42.82,30.0,0
46.93,27.0,0
51.37,27.0,0
88.0,26.0,1
43.43,28.0,0
61.61,28.0,0
72.02,28.0,1
95.0,29.0,1
90.88,28.0,1
80.0,27.0,1
69.85,26.0,1
69.64,25.0,1
60.0,29.0,0
51.0,27.0,0
93.74,27.0,1
60.46,30.0,0
84.92,24.0,1
91.0,29.0,1
97.82,26.0,1
46.1,29.0,0
43.83,27.0,0
71.44,28.0,1
74.0,28.0,1
54.19,28.0,0
85.82,26.0,1
95.82,25.0,1
33.82,30.0,0
92.1,27.0,1
75.0,26.0,1
97.58,29.0,1
93.42,26.0,1
59.0,28.0,0
65.94,27.0,0
46.31,28.0,0
83.05,27.0,1
53.13,27.0,0
79.63,31.0,1
64.57,25.0,0
50.0,29.0,0
63.13,27.0,0
62.71,29.0,0
88.53,32.0,1
65.82,28.0,0
67.75999999999999,28.0,0
75.59,29.0,1
60.5,29.0,0
82.82,28.0,1
95.91,29.0,1
69.00999999999999,29.0,1
68.13,32.0,1
94.82,30.0,1
63.33,26.0,0
56.42,27.0,0
50.0,29.0,0
64.47,26.0,0
69.82,24.0,1
66.0,27.0,0
87.0,27.0,1
96.0,27.0,1
68.86,28.0,1
43.04,29.0,0
78.6,27.0,1
46.0,26.0,0
79.85,26.0,1
73.46,28.0,1
83.0,29.0,1
57.0,29.0,0
85.18,29.0,1
96.91,28.0,1
77.0,29.0,1
74.69,28.0,1
40.67,28.0,0
89.1,27.0,1
76.03,29.0,1
69.0,28.0,1
51.0,27.0,0
61.31,29.0,0
53.0,28.0,0
87.82,23.0,1
96.86,25.0,1
77.92,31.0,1
87.82,28.0,1
53.11,29.0,0
88.22,29.0,1
77.0,29.0,1
91.18,27.0,1
78.94,26.0,1
62.52,21.0,0
76.82,25.0,1
39.03,29.0,0
37.85,28.0,0
92.42,28.0,1
45.69,27.0,0
43.14,29.0,0
82.0,28.0,1
50.0,28.0,0
81.47,29.0,1
97.82,43.0,1
92.0,26.0,1
45.52,27.0,0
41.94,27.0,0
52.82,29.0,0
92.47,27.0,1
90.03,28.0,1
70.13,29.0,1
85.61,27.0,1
87.82,26.0,1
81.82,29.0,1
56.03,27.0,0
95.0,28.0,1
72.0,27.0,1
61.85,29.0,0
87.99,25.0,1
79.4,27.0,1
41.58,29.0,0
62.51,29.0,0
98.0,29.0,1
47.7,30.0,0
48.85,28.0,0
64.74000000000001,26.0,0
27.94,28.0,0
37.82,27.0,0
80.1,28.0,1
54.82,30.0,0
76.31,28.0,1
99.82,25.0,1
82.0,30.0,1
74.43,28.0,1
55.82,30.0,0
80.05,29.0,1
93.19,29.0,1
76.0,28.0,1
61.69,28.0,0
82.71,28.0,1
87.0,27.0,1
56.82,30.0,0
78.82,29.0,1
36.14,29.0,0
89.0,27.0,1
73.42,29.0,1
45.97,29.0,0
83.0,28.0,1
81.73,29.0,1
42.05,30.0,0
47.67,27.0,0
48.94,29.0,0
79.82,29.0,1
48.82,29.0,0
75.0,26.0,1
71.11,30.0,1
43.82,28.0,0
40.35,26.0,0
63.46,28.0,0
69.0,29.0,1
30.18,28.0,0
97.33,42.0,1
94.0,28.0,1
56.0,30.0,0
40.42,29.0,0
102.0,26.0,1
59.0,28.0,0
54.82,29.0,0
94.73,24.0,1
75.82,28.0,1
79.0,29.0,1
86.0,28.0,1
93.77,27.0,1
49.9,28.0,0
96.37,28.0,1
53.17,29.0,0
74.35,25.0,1
30.05,28.0,0
89.82,29.0,1
50.0,29.0,0
85.28,27.0,1
88.08,29.0,1
96.82,28.0,1
80.13,29.0,1
79.84,26.0,1
90.79,27.0,1
52.7,28.0,0
58.82,28.0,0
77.66,29.0,1
57.54,25.0,0
44.94,29.0,0
98.0,28.0,1
86.0,28.0,1
42.0,29.0,0
57.74,27.0,0
86.58,28.0,1
45.01,29.0,0
90.81,27.0,1
89.15,27.0,1
67.82,28.0,0
85.72,29.0,1
38.97,28.0,0
47.37,28.0,0
50.99,29.0,0
41.34,28.0,0
58.82,26.0,0
59.94,29.0,0
93.24,25.0,1
92.82,27.0,1
66.03,29.0,0
76.01,25.0,1
62.73,30.0,0
48.17,30.0,0
46.0,29.0,0
73.85,29.0,1
71.79,26.0,1
56.1,28.0,0
83.13,28.0,1
91.87,26.0,1
72.82,24.0,1
85.82,29.0,1
100.8,29.0,1
57.13,28.0,0
38.54,29.0,0
35.730000000000004,28.0,0
90.21,28.0,1
87.0,25.0,1
73.74,27.0,1
87.03,27.0,1
89.06,25.0,1
75.88,28.0,1
76.0,30.0,1
79.02,27.0,1
47.76,29.0,0
66.0,23.0,0
53.89,29.0,0
70.1,29.0,1
69.0,27.0,1
62.82,25.0,0
90.18,28.0,1
96.0,29.0,1
37.18,28.0,0
49.0,29.0,0
80.82,24.0,1
47.82,28.0,0
65.46000000000001,27.0,0
75.31,30.0,1
41.57,29.0,0
70.56,27.0,1
92.82,25.0,1
53.83,28.0,0
86.35,28.0,1
76.0,27.0,1
51.17,27.0,0
95.79,28.0,1
80.0,30.0,1
67.47,28.0,0
99.56,28.0,1
38.19,27.0,0
57.0,29.0,0
83.82,24.0,1
73.82,26.0,1
85.0,27.0,1
47.83,27.0,0
80.0,26.0,1
127.82,30.0,1
85.0,28.0,1
46.69,30.0,0
102.06,29.0,1
74.58,28.0,1
88.0,26.0,1
48.0,28.0,0
60.18,28.0,0
67.82,29.0,0
81.17,30.0,1
72.55,27.0,1
77.0,26.0,1
68.96000000000001,35.0,1
83.18,28.0,1
49.01,29.0,0
163.02,29.0,1
95.04,27.0,1
70.0,24.0,1
75.0,29.0,1
92.55,27.0,1
74.0,23.0,1
79.0,26.0,1
45.6,27.0,0
85.0,28.0,1
85.0,28.0,1
85.4,26.0,1
73.65,27.0,1
63.87,27.0,0
78.83,27.0,1
76.82,25.0,1
98.6,34.0,1
94.36,29.0,1
62.83,29.0,0
59.55,30.0,0
88.0,28.0,1
81.77,30.0,1
91.19,27.0,1
45.73,29.0,0
56.29,26.0,0
65.19,29.0,0
46.33,29.0,0
83.0,27.0,1
93.82,28.0,1
72.39,29.0,1
97.56,27.0,1
77.0,29.0,1
87.49,34.0,1
98.0,28.0,1
44.0,26.0,0
73.1,27.0,1
80.0,28.0,1
64.02,29.0,0
52.0,26.0,0
47.06,30.0,0
90.0,27.0,1
84.67,27.0,1
74.09,27.0,1
46.17,28.0,0
79.51,25.0,1
73.18,29.0,1
77.11,24.0,1
72.85,29.0,1
75.66,28.0,1
82.82,30.0,1
53.82,29.0,0
80.82,27.0,1
38.72,29.0,0
35.46,35.0,0
91.46,28.0,1
71.88,27.0,1
80.0,27.0,1
56.08,27.0,0
96.0,25.0,1
43.87,29.0,0
91.0,29.0,1
60.0,27.0,0
83.21,28.0,1
32.17,29.0,0
61.76,29.0,0
54.82,29.0,0
63.0,28.0,0
73.98,25.0,1
57.83,27.0,0
73.0,29.0,1
94.46,29.0,1
76.0,30.0,1
58.57,26.0,0
90.18,29.0,1
34.739999999999995,29.0,0
52.0,29.0,0
86.82,33.0,1
78.1,28.0,1
86.13,28.0,1
54.52,27.0,0
36.65,28.0,0
94.0,27.0,1
96.57,28.0,1
63.13,26.0,0
36.7,28.0,0
48.51,28.0,0
38.92,26.0,0
72.0,29.0,1
95.96,23.0,1
100.0,25.0,1
71.69,23.0,1
69.0,29.0,1
157.82,28.0,1
86.92,28.0,1
51.0,27.0,0
96.6,29.0,1
43.12,29.0,0
45.71,28.0,0
74.0,30.0,1
96.94,22.0,1
81.0,30.0,1
82.24,27.0,1
84.6,28.0,1
51.0,27.0,0
94.61,29.0,1
45.0,27.0,0
84.12,28.0,1
79.63,27.0,1
89.8,29.0,1
53.0,28.0,0
46.26,29.0,0
81.29,24.0,1
80.0,29.0,1
48.0,29.0,0
87.0,27.0,1
51.78,28.0,0
81.62,27.0,1
91.72,29.0,1
64.52000000000001,25.0,0
74.82,27.0,1
85.0,29.0,1
84.0,29.0,1
91.26,27.0,1
57.37,29.0,0
43.6,27.0,0
102.07,28.0,1
87.0,27.0,1
86.82,26.0,1
89.82,32.0,1
97.82,28.0,1
42.81,28.0,0
67.85,28.0,0
77.82,29.0,1
90.39,28.0,1
84.0,27.0,1
67.88,28.0,1
69.64,27.0,1
29.31,28.0,0
82.01,26.0,1
58.0,29.0,0
96.43,24.0,1
46.82,30.0,0
72.05,27.0,1
82.25,28.0,1
68.97,28.0,1
77.87,30.0,1
84.92,30.0,1
88.82,28.0,1
48.82,29.0,0
88.32,28.0,1
91.0,29.0,1
94.94,27.0,1
87.0,27.0,1
96.33,26.0,1
94.0,27.0,1
89.0,27.0,1
40.29,29.0,0
34.84,27.0,0
97.96,27.0,1
58.82,29.0,0
73.0,28.0,1
80.85,26.0,1
93.12,26.0,1
40.34,27.0,0
70.82,28.0,1
58.59,26.0,0
37.16,28.0,0
62.85,34.0,0
63.24,29.0,0
75.02,27.0,1
44.82,29.0,0
52.0,29.0,0
87.0,27.0,1
57.65,28.0,0
79.84,26.0,1
50.0,25.0,0
88.0,26.0,1
83.93,25.0,1
40.65,26.0,0
65.72,26.0,0
46.0,27.0,0
93.0,29.0,1
98.22,26.0,1
84.73,24.0,1
75.0,26.0,1
81.0,30.0,1
95.82,26.0,1
63.0,29.0,0
51.45,29.0,0
72.03,28.0,1
77.98,26.0,1
93.24,26.0,1
59.32,27.0,0
73.82,27.0,1
77.31,25.0,1
50.62,30.0,0
47.17,30.0,0
51.0,30.0,0
35.85,28.0,0
39.82,30.0,0
38.17,29.0,0
77.7,29.0,1
71.18,29.0,1
58.82,29.0,0
39.22,28.0,0
48.82,27.0,0
76.48,28.0,1
68.12,26.0,1
66.25,25.0,0
58.32,26.0,0
94.0,27.0,1
100.09,24.0,1
81.0,28.0,1
87.0,26.0,1
74.0,27.0,1
41.33,29.0,0
96.37,28.0,1
89.0,28.0,1
65.82,28.0,0
53.34,29.0,0
34.21,29.0,0
82.0,28.0,1
89.54,28.0,1
84.82,29.0,1
99.32,27.0,1
81.82,27.0,1
91.88,30.0,1
103.07,26.0,1
80.3,28.0,1
89.0,33.0,1
89.94,29.0,1
70.02,27.0,1
97.82,28.0,1
79.0,28.0,1
85.0,23.0,1
46.82,29.0,0
66.0,27.0,0
91.04,26.0,1
80.0,29.0,1
76.0,29.0,1
66.0,27.0,0
73.6,26.0,1
34.08,29.0,0
100.0,29.0,1
92.0,27.0,1
60.82,29.0,0
84.58,27.0,1
92.73,25.0,1
53.0,22.0,0
74.09,28.0,1
74.36,29.0,1
83.09,25.0,1
70.22,26.0,1
91.0,27.0,1
91.77,26.0,1
84.17,28.0,1
60.82,29.0,0
72.0,34.0,1
79.0,28.0,1
92.74,29.0,1
84.54,25.0,1
98.21,25.0,1
83.0,25.0,1
59.82,28.0,0
79.16,28.0,1
79.91,26.0,1
78.12,27.0,1
41.17,30.0,0
46.74,27.0,0
64.13,29.0,0
87.37,28.0,1
41.4,29.0,0
47.04,24.0,0
77.0,29.0,1
86.87,27.0,1
88.04,27.0,1
72.42,27.0,1
88.82,26.0,1
71.33,30.0,1
58.6,28.0,0
97.66,29.0,1
75.51,28.0,1
46.28,27.0,0
57.68,27.0,0
96.2,25.0,1
91.33,27.0,1
82.98,27.0,1
91.25,28.0,1
66.82,27.0,0
63.95,29.0,0
61.11,28.0,0
101.0,26.0,1
